,user_id,product_id,fit_preferences,weight,height,size_1,presentage_1,size_2,presentage_2
0,1002,7,perfect,81,165,M,77%,L,60%
1,1003,9,perfect,92,175,L,72%,XL,68%
2,1004,0,perfect,81,172,L,75%,M,59%
3,1005,3,tighter,87,173,M,75%,L,65%
4,1006,7,looser,91,184,XL,95%,L,41%
5,1007,1,looser,95,188,XL,92%,L,36%
6,1008,4,perfect,90,186,XL,74%,L,56%
7,1009,6,tighter,95,185,L,84%,XL,56%
8,1010,2,tighter,75,173,M,92%,S,48%
9,1011,5,looser,93,177,XL,94%,L,39%
10,1012,7,perfect,83,182,L,94%,XL,43%
11,1013,0,looser,77,174,L,93%,M,42%
12,1014,4,looser,83,178,XL,67%,L,64%
13,1015,4,tighter,82,170,M,94%,L,38%
14,1016,8,perfect,84,171,L,84%,M,46%
15,1017,7,perfect,75,172,M,90%,L,47%
16,1018,7,perfect,78,170,M,82%,L,56%
17,1019,6,tighter,80,170,M,97%,S,41%
18,1020,1,looser,78,167,L,89%,M,49%
19,1021,5,perfect,86,172,L,94%,M,40%
20,1022,7,looser,86,181,XL,85%,L,54%
21,1023,4,perfect,85,178,L,93%,XL,39%
22,1024,3,looser,94,187,XL,74%,XXL,66%
23,1025,4,perfect,71,168,M,94%,S,38%
24,1026,2,perfect,85,173,L,94%,M,45%
25,1027,4,tighter,79,173,M,96%,L,36%
26,1028,3,looser,79,167,L,92%,M,48%
27,1029,1,looser,76,169,L,84%,M,54%
28,1030,6,perfect,74,168,M,96%,L,43%
29,1031,1,tighter,104,186,XL,87%,L,51%
30,1032,8,perfect,93,175,XL,69%,L,61%
31,1033,6,tighter,90,182,L,93%,M,46%
32,1034,0,tighter,73,161,S,74%,M,61%
33,1035,6,perfect,85,183,L,89%,XL,51%
34,1036,3,tighter,93,182,L,93%,XL,46%
35,1037,4,tighter,78,173,M,96%,S,36%
36,1038,2,looser,85,175,XL,75%,L,66%
37,1039,6,perfect,76,170,M,90%,L,49%
38,1040,5,looser,72,161,M,91%,L,43%
39,1041,0,looser,94,182,XL,82%,XXL,52%
40,1042,3,perfect,87,179,L,87%,XL,53%
41,1043,8,tighter,97,185,L,70%,XL,60%
42,1044,7,tighter,79,173,M,96%,L,40%
43,1045,2,perfect,91,176,L,75%,XL,66%
44,1046,6,looser,74,160,M,86%,L,54%
45,1047,1,looser,95,182,XL,95%,L,38%
46,1048,5,looser,90,181,XL,92%,L,41%
47,1049,5,perfect,90,180,L,68%,XL,65%
48,1050,2,tighter,85,178,M,73%,L,67%
49,1051,6,tighter,92,178,L,93%,M,46%
50,1052,2,looser,77,174,L,94%,M,45%
51,1053,3,perfect,99,181,XL,96%,XXL,43%
52,1054,3,tighter,76,170,M,90%,S,50%
53,1055,1,tighter,98,185,L,69%,XL,67%
54,1056,0,perfect,82,180,L,92%,M,42%
55,1057,1,perfect,89,182,L,72%,XL,67%
56,1058,8,looser,97,186,XXL,72%,XL,58%
57,1059,0,tighter,91,177,L,88%,M,46%
58,1060,5,tighter,83,179,M,79%,L,54%
59,1061,4,tighter,66,168,S,83%,M,47%
60,1062,4,tighter,86,178,L,67%,M,63%
61,1063,8,looser,92,180,XL,90%,XXL,41%
62,1065,1,perfect,95,181,XL,86%,L,53%
63,1066,9,tighter,88,180,L,84%,M,56%
64,1067,9,perfect,69,169,M,91%,S,48%
65,1068,9,tighter,93,184,L,91%,XL,48%
66,1069,0,looser,81,168,L,93%,XL,42%
67,1070,0,looser,73,169,M,70%,L,64%
68,1071,4,looser,83,169,L,84%,XL,46%
69,1072,3,looser,80,176,L,88%,XL,52%
70,1073,7,tighter,80,173,M,95%,L,42%
71,1074,4,tighter,72,167,S,65%,M,63%
72,1075,8,tighter,97,178,L,84%,XL,46%
73,1076,9,looser,85,175,XL,76%,L,64%
74,1077,8,perfect,88,180,L,77%,XL,53%
75,1078,3,looser,80,169,L,95%,XL,44%
76,1079,9,tighter,80,174,M,95%,L,44%
77,1080,6,tighter,83,180,M,79%,L,61%
78,1081,4,tighter,69,160,S,85%,M,45%
79,1083,5,perfect,79,172,M,70%,L,63%
80,1084,6,perfect,89,180,L,77%,XL,63%
81,1085,0,tighter,85,178,M,71%,L,63%
82,1086,6,perfect,74,167,M,96%,L,42%
83,1087,6,perfect,91,181,XL,74%,L,66%
84,1088,3,perfect,99,182,XL,95%,XXL,43%
85,1089,1,tighter,96,181,L,87%,XL,52%
86,1090,2,tighter,77,176,M,97%,S,42%
87,1091,2,perfect,86,178,L,92%,XL,48%
88,1092,1,perfect,90,183,XL,73%,L,66%
89,1094,8,perfect,77,175,M,72%,L,57%
90,1095,8,perfect,84,180,L,91%,XL,40%
91,1097,5,tighter,100,193,XL,84%,L,49%
92,1098,8,perfect,76,172,M,83%,L,47%
93,1099,3,perfect,88,176,L,88%,XL,52%
94,1100,3,looser,87,181,XL,93%,L,46%
95,1101,7,tighter,89,178,L,84%,M,54%
96,1102,8,perfect,88,182,L,73%,XL,57%
97,1103,5,perfect,87,184,L,76%,XL,57%
98,1104,0,perfect,96,185,XL,96%,L,39%
99,1105,2,tighter,90,182,L,93%,M,46%
100,1106,6,perfect,102,189,XL,95%,L,39%
101,1107,8,perfect,70,171,M,92%,S,39%
102,1108,1,perfect,86,179,L,90%,XL,47%
103,1109,0,perfect,76,165,M,94%,L,41%
104,1110,5,looser,88,177,XL,85%,L,48%
105,1111,9,perfect,97,182,XL,96%,L,43%
106,1112,6,tighter,77,175,M,96%,S,42%
107,1113,0,tighter,73,165,S,68%,M,66%
108,1114,7,tighter,93,177,L,94%,M,43%
109,1115,7,tighter,90,180,L,90%,M,47%
110,1116,0,looser,103,185,XXL,91%,XL,44%
111,1117,6,perfect,91,182,XL,75%,L,65%
112,1118,9,tighter,102,187,XL,90%,L,50%
113,1119,1,tighter,74,166,M,76%,S,62%
114,1120,5,tighter,84,179,M,74%,L,60%
115,1121,0,perfect,81,173,L,78%,M,57%
116,1122,0,tighter,78,170,M,94%,S,41%
117,1124,4,tighter,74,162,S,67%,M,64%
118,1125,4,perfect,74,170,M,94%,L,38%
119,1127,2,looser,83,178,XL,72%,L,69%
120,1128,7,looser,92,179,XL,94%,L,42%
121,1129,8,looser,85,176,XL,74%,L,56%
122,1130,8,perfect,94,188,XL,93%,L,38%
123,1131,1,tighter,83,169,M,94%,L,43%
124,1132,8,perfect,92,186,XL,85%,L,45%
125,1133,3,looser,85,175,XL,77%,L,64%
126,1134,3,perfect,75,171,M,91%,L,48%
127,1135,2,tighter,64,159,S,94%,M,44%
128,1136,0,looser,84,174,L,69%,XL,66%
129,1137,0,tighter,87,176,L,69%,M,65%
130,1138,9,looser,83,176,L,73%,XL,67%
131,1139,3,tighter,84,175,M,84%,L,57%
132,1140,6,tighter,74,169,M,83%,S,57%
133,1141,1,looser,91,180,XL,94%,L,43%
134,1142,5,looser,86,172,XL,71%,L,62%
135,1143,6,looser,72,169,M,79%,L,61%
136,1144,4,perfect,79,170,M,74%,L,57%
137,1146,8,perfect,86,183,L,80%,XL,49%
138,1147,3,perfect,83,175,L,90%,M,50%
139,1148,2,tighter,89,175,L,80%,M,61%
140,1149,2,looser,75,166,L,73%,M,67%
141,1150,0,looser,90,173,XL,93%,L,42%
142,1151,2,looser,89,182,XL,92%,L,47%
143,1152,2,tighter,97,187,XL,70%,L,68%
144,1153,6,perfect,87,179,L,88%,XL,52%
145,1154,2,perfect,85,175,L,95%,M,44%
146,1155,6,perfect,106,186,XL,91%,L,36%
147,1156,1,perfect,81,173,L,79%,M,59%
148,1157,7,perfect,68,162,M,75%,S,64%
149,1158,2,tighter,76,172,M,93%,S,46%
150,1159,5,looser,88,179,XL,87%,L,46%
151,1160,4,perfect,90,181,XL,66%,L,64%
152,1161,5,perfect,71,170,M,95%,S,38%
153,1162,7,looser,83,173,L,79%,XL,59%
154,1163,9,perfect,74,166,M,96%,L,42%
155,1164,8,looser,92,179,XL,91%,XXL,40%
156,1165,5,tighter,78,170,M,94%,S,40%
157,1166,6,tighter,80,172,M,96%,L,42%
158,1167,0,looser,83,173,L,78%,XL,57%
159,1168,9,perfect,87,183,L,80%,XL,60%
160,1169,2,tighter,71,166,S,75%,M,66%
161,1170,0,tighter,73,166,M,69%,S,66%
162,1171,5,perfect,81,176,L,84%,M,49%
163,1172,3,looser,77,172,L,92%,M,48%
164,1173,6,looser,86,182,XL,86%,L,54%
165,1174,7,perfect,98,186,XL,94%,L,43%
166,1175,1,tighter,79,170,M,96%,S,41%
167,1176,1,tighter,96,183,L,83%,XL,55%
168,1177,2,looser,87,174,XL,81%,L,60%
169,1178,3,perfect,75,165,M,96%,L,43%
170,1179,4,looser,74,168,L,67%,M,63%
171,1180,2,looser,97,177,XL,95%,L,40%
172,1181,9,looser,77,169,L,88%,M,52%
173,1182,1,perfect,92,185,XL,82%,L,56%
174,1183,5,looser,94,189,XL,93%,L,34%
175,1184,8,tighter,84,167,M,91%,L,40%
176,1185,6,perfect,73,169,M,96%,L,42%
177,1186,3,looser,82,173,L,85%,XL,56%
178,1187,9,tighter,86,176,M,73%,L,67%
179,1188,5,looser,70,165,M,92%,L,42%
180,1189,0,tighter,81,169,M,96%,L,39%
181,1190,4,perfect,90,173,L,83%,XL,47%
182,1191,8,tighter,76,175,M,92%,S,39%
183,1192,1,perfect,86,177,L,93%,XL,45%
184,1193,5,tighter,80,180,M,89%,L,45%
185,1194,8,perfect,83,180,L,92%,M,39%
186,1195,4,tighter,81,174,M,92%,L,39%
187,1196,4,looser,80,175,L,88%,XL,43%
188,1197,1,looser,84,169,L,82%,XL,56%
189,1198,8,perfect,88,174,L,87%,XL,43%
190,1199,2,looser,87,173,FALSE,0%,FALSE,0%
191,1200,7,perfect,82,168,L,73%,M,65%
192,1201,7,looser,70,164,M,93%,L,44%
193,1202,9,looser,77,172,L,92%,M,48%
194,1203,9,tighter,67,164,S,87%,M,52%
195,1204,6,perfect,91,178,L,70%,XL,68%
196,1205,6,tighter,73,168,M,76%,S,64%
197,1206,9,perfect,83,183,L,93%,XL,41%
198,1207,4,perfect,71,164,M,90%,S,41%
199,1208,3,tighter,100,188,XL,85%,L,56%
200,1209,1,perfect,85,181,L,91%,XL,47%
201,1210,5,looser,71,166,M,87%,L,46%
202,1211,7,looser,76,172,L,88%,M,49%
203,1212,1,perfect,70,164,M,88%,S,50%
204,1213,2,perfect,86,176,L,93%,XL,46%
205,1214,3,looser,103,183,XXL,90%,XL,49%
206,1215,7,looser,74,169,L,72%,M,66%
207,1216,8,perfect,80,174,L,72%,M,58%
208,1217,0,looser,89,176,XL,93%,L,42%
209,1218,5,tighter,95,184,L,84%,XL,49%
210,1219,6,perfect,91,176,L,75%,XL,65%
211,1220,6,looser,83,176,L,73%,XL,67%
212,1221,5,tighter,67,167,S,83%,M,50%
213,1222,6,perfect,96,182,XL,89%,L,50%
214,1223,3,tighter,72,168,M,71%,S,69%
215,1224,9,looser,81,168,L,94%,XL,45%
216,1225,3,perfect,88,179,L,83%,XL,57%
217,1226,8,looser,83,172,L,77%,XL,53%
218,1227,9,looser,74,167,M,71%,L,69%
219,1228,6,perfect,90,175,L,82%,XL,58%
220,1229,3,looser,90,185,XL,93%,XXL,46%
221,1230,4,tighter,85,172,M,83%,L,47%
222,1231,6,tighter,86,177,M,71%,L,69%
223,1232,3,perfect,95,181,XL,92%,L,48%
224,1233,6,tighter,94,181,L,92%,XL,47%
225,1234,0,looser,81,175,L,84%,XL,50%
226,1235,2,tighter,76,172,M,93%,S,46%
227,1236,7,tighter,103,182,XL,80%,L,58%
228,1237,1,perfect,89,181,L,74%,XL,64%
229,1238,0,perfect,90,183,XL,73%,L,62%
230,1239,4,perfect,60,153,S,90%,M,36%
231,1240,5,tighter,85,178,M,71%,L,62%
232,1241,6,looser,86,182,XL,86%,L,54%
233,1242,6,perfect,83,179,L,94%,M,44%
234,1243,2,perfect,93,185,XL,86%,L,55%
235,1244,9,looser,78,157,L,70%,M,68%
236,1245,2,tighter,79,175,M,96%,L,43%
237,1246,4,tighter,94,181,L,91%,XL,40%
238,1247,4,perfect,92,179,XL,71%,L,59%
239,1248,5,tighter,69,165,S,80%,M,53%
240,1249,7,looser,88,172,XL,80%,L,58%
241,1250,2,perfect,79,174,L,72%,M,68%
242,1251,0,tighter,89,179,L,85%,M,50%
243,1252,4,looser,67,164,M,96%,S,36%
244,1253,1,perfect,80,180,L,87%,M,51%
245,1254,5,perfect,84,174,L,91%,M,42%
246,1255,6,looser,64,166,M,92%,S,47%
247,1256,6,tighter,73,165,S,70%,M,68%
248,1257,1,looser,83,177,L,70%,XL,68%
249,1258,6,tighter,75,169,M,86%,S,54%
250,1259,4,tighter,74,170,M,83%,S,48%
251,1260,1,perfect,74,174,M,91%,L,47%
252,1261,2,looser,83,172,L,81%,XL,59%
253,1262,3,looser,74,168,L,71%,M,69%
254,1263,1,looser,87,178,XL,84%,L,54%
255,1264,4,perfect,87,174,L,92%,XL,39%
256,1265,2,looser,91,179,XL,94%,L,45%
257,1266,6,looser,99,190,XL,63%,L,23%
258,1267,5,looser,78,168,L,89%,M,44%
259,1268,6,perfect,77,167,M,91%,L,48%
260,1269,9,looser,76,169,L,84%,M,56%
261,1270,6,tighter,92,183,L,94%,XL,44%
262,1271,0,tighter,85,173,M,82%,L,52%
263,1272,5,perfect,80,176,L,79%,M,54%
264,1273,2,looser,85,178,XL,79%,L,62%
265,1274,7,looser,89,183,XL,93%,L,45%
266,1275,0,perfect,83,175,L,89%,M,45%
267,1276,0,perfect,74,170,M,94%,L,41%
268,1277,2,perfect,79,178,L,81%,M,60%
269,1278,5,looser,85,183,XL,83%,L,50%
270,1279,3,tighter,92,179,L,94%,M,46%
271,1280,8,perfect,89,171,L,88%,XL,43%
272,1281,3,tighter,101,186,XL,85%,L,55%
273,1282,8,tighter,78,170,M,92%,S,39%
274,1283,6,looser,96,188,XL,89%,L,35%
275,1284,1,looser,78,175,L,94%,XL,43%
276,1285,3,perfect,75,162,M,96%,S,42%
277,1286,7,looser,83,172,L,81%,XL,57%
278,1287,9,looser,80,172,L,92%,XL,47%
279,1288,9,looser,85,176,XL,79%,L,62%
280,1289,5,perfect,82,173,L,83%,M,51%
281,1290,3,tighter,81,174,M,93%,L,46%
282,1291,7,tighter,87,177,L,73%,M,65%
283,1292,0,tighter,78,166,M,90%,S,45%
284,1293,2,looser,81,168,L,94%,XL,45%
285,1294,9,perfect,73,159,M,90%,S,49%
286,1295,2,perfect,79,170,M,77%,L,63%
287,1296,7,perfect,81,177,L,86%,M,52%
288,1297,9,perfect,80,171,M,70%,L,68%
289,1298,3,perfect,85,176,L,0%,XL,2%
290,1299,3,perfect,79,177,L,78%,M,63%
291,1300,8,perfect,71,171,M,94%,S,37%
292,1301,7,tighter,84,173,M,87%,L,51%
293,1302,5,tighter,93,179,L,95%,M,39%
294,1303,5,looser,86,180,XL,82%,L,51%
295,1304,6,perfect,99,180,L,86%,M,33%
296,1305,7,perfect,83,173,L,88%,M,50%
297,1306,7,perfect,88,175,L,89%,XL,48%
298,1307,2,tighter,63,164,S,93%,M,45%
299,1308,9,perfect,81,174,L,81%,M,59%
300,1309,0,perfect,79,173,M,68%,L,66%
301,1310,2,perfect,75,166,M,95%,L,43%
302,1311,6,looser,68,172,M,91%,L,48%
303,1312,2,looser,73,171,L,73%,M,68%
304,1313,5,looser,73,167,M,75%,L,58%
305,1314,6,looser,85,171,L,72%,XL,67%
306,1315,4,looser,86,168,L,68%,XL,62%
307,1316,6,looser,78,172,L,94%,M,44%
308,1317,9,tighter,82,175,M,90%,L,49%
309,1318,4,perfect,102,199,XL,83%,L,29%
310,1319,2,looser,89,179,XL,91%,L,49%
311,1320,2,looser,87,178,XL,85%,L,55%
312,1321,3,tighter,79,172,M,96%,S,42%
313,1322,2,tighter,83,179,M,80%,L,60%
314,1323,5,looser,86,172,XL,71%,L,62%
315,1324,8,looser,93,189,XL,70%,XXL,59%
316,1325,3,tighter,80,173,M,95%,L,43%
317,1326,7,perfect,101,192,XL,95%,L,38%
318,1328,6,looser,91,179,XL,93%,L,45%
319,1329,3,tighter,105,193,XL,95%,XXL,43%
320,1330,9,perfect,86,176,L,93%,XL,46%
321,1331,5,tighter,87,176,L,69%,M,65%
322,1332,8,looser,88,176,XL,88%,L,43%
323,1333,3,looser,70,167,M,90%,L,49%
324,1334,9,looser,83,172,L,81%,XL,59%
325,1335,5,perfect,80,173,L,72%,M,62%
326,1336,7,tighter,71,164,S,77%,M,61%
327,1337,1,looser,82,173,L,84%,XL,54%
328,1338,3,perfect,93,184,XL,90%,L,50%
329,1339,6,tighter,72,167,S,71%,M,69%
330,1340,4,looser,67,155,M,87%,S,44%
331,1341,4,tighter,71,173,M,75%,S,56%
332,1342,1,tighter,100,191,XL,83%,L,55%
333,1343,2,looser,82,168,L,91%,XL,48%
334,1344,8,looser,80,168,L,92%,M,39%
335,1345,3,perfect,80,172,L,72%,M,68%
336,1346,6,perfect,94,182,XL,84%,L,55%
337,1347,3,looser,90,175,XL,95%,L,44%
338,1348,6,perfect,83,173,L,88%,M,52%
339,1349,0,perfect,96,187,XL,96%,XXL,39%
340,1350,6,looser,87,174,XL,80%,L,60%
341,1351,9,tighter,93,186,L,89%,XL,51%
342,1352,0,perfect,76,169,M,90%,L,45%
343,1353,3,perfect,87,176,L,91%,XL,49%
344,1354,0,looser,82,170,L,88%,XL,47%
345,1355,5,perfect,90,183,XL,70%,L,63%
346,1356,9,looser,78,172,L,94%,M,45%
347,1357,7,looser,69,162,M,96%,L,41%
348,1358,7,tighter,77,167,M,89%,S,48%
349,1359,6,tighter,93,187,L,88%,XL,52%
350,1360,8,tighter,72,164,S,73%,M,57%
351,1361,0,looser,85,170,L,72%,XL,62%
352,1362,3,perfect,87,180,L,86%,XL,55%
353,1363,3,looser,75,171,L,83%,M,58%
354,1364,6,looser,78,170,L,93%,M,46%
355,1365,8,perfect,79,164,M,84%,L,46%
356,1366,1,looser,75,170,L,80%,M,58%
357,1367,7,perfect,87,173,L,94%,XL,43%
358,1368,6,perfect,102,187,XL,95%,L,40%
359,1369,3,looser,79,168,L,93%,M,47%
360,1370,4,looser,79,171,L,95%,XL,37%
361,1371,5,perfect,80,167,M,77%,L,56%
362,1372,8,perfect,95,182,XL,89%,L,41%
363,1373,1,tighter,70,165,S,79%,M,59%
364,1374,7,perfect,86,172,L,94%,M,43%
365,1375,0,perfect,96,190,XL,95%,XXL,40%
366,1376,9,tighter,73,161,S,76%,M,64%
367,1377,0,looser,70,165,M,92%,L,43%
368,1378,6,looser,74,172,L,80%,M,60%
369,1379,9,tighter,90,183,L,93%,M,46%
370,1381,2,tighter,79,164,M,92%,S,48%
371,1382,4,looser,84,170,L,77%,XL,54%
372,1383,9,looser,81,169,L,93%,XL,46%
373,1384,3,perfect,79,173,M,71%,L,69%
374,1385,8,perfect,79,178,L,75%,M,55%
375,1386,4,tighter,92,179,L,93%,M,38%
376,1387,7,tighter,89,177,L,83%,M,56%
377,1389,7,perfect,78,170,M,82%,L,56%
378,1390,2,perfect,79,173,M,71%,L,69%
379,1391,5,looser,81,171,L,90%,XL,43%
380,1392,3,perfect,99,188,XL,91%,XXL,49%
381,1393,3,looser,81,175,L,86%,XL,55%
382,1394,2,perfect,84,173,L,91%,M,48%
383,1395,7,looser,84,175,XL,54%,L,55%
384,1397,6,perfect,97,185,XL,93%,L,46%
385,1398,8,perfect,94,181,XL,85%,L,45%
386,1399,3,perfect,85,178,L,94%,XL,46%
387,1400,6,perfect,89,180,L,77%,XL,63%
388,1401,9,looser,84,176,XL,73%,L,67%
389,1402,8,perfect,70,162,M,80%,S,50%
390,1403,3,perfect,91,179,XL,72%,L,69%
391,1404,9,perfect,63,161,S,84%,M,56%
392,1405,8,perfect,93,181,XL,81%,L,49%
393,1406,1,perfect,98,177,XL,89%,L,49%
394,1407,2,perfect,76,169,M,91%,L,49%
395,1408,9,looser,85,180,XL,86%,L,54%
396,1409,4,perfect,89,186,XL,71%,L,60%
397,1410,3,perfect,90,173,L,85%,XL,55%
398,1411,0,perfect,96,186,XL,96%,L,38%
399,1412,2,perfect,77,177,M,73%,L,68%
400,1413,3,tighter,72,164,S,75%,M,66%
401,1414,4,perfect,94,182,XL,82%,L,48%
402,1415,0,tighter,73,171,M,80%,S,54%
403,1416,6,tighter,79,171,M,96%,S,42%
404,1418,5,looser,80,168,L,95%,M,39%
405,1419,0,perfect,80,174,L,74%,M,60%
406,1420,3,perfect,81,179,L,89%,M,51%
407,1421,8,perfect,73,168,M,95%,L,37%
408,1423,1,tighter,101,183,XL,76%,L,63%
409,1424,2,looser,87,170,XL,75%,L,65%
410,1425,1,tighter,73,171,M,82%,S,56%
411,1426,3,looser,85,174,XL,75%,L,66%
412,1427,0,tighter,83,174,M,88%,L,47%
413,1428,6,perfect,88,178,L,85%,XL,55%
414,1429,8,perfect,87,175,L,89%,XL,42%
415,1430,2,looser,89,176,XL,88%,L,52%
416,1431,6,looser,90,184,XL,94%,L,44%
417,1432,0,looser,80,171,L,93%,XL,42%
418,1434,6,perfect,83,177,L,93%,M,46%
419,1435,2,perfect,87,176,L,91%,XL,49%
420,1436,2,tighter,103,189,XL,88%,L,52%
421,1437,7,perfect,77,171,M,85%,L,53%
422,1438,8,looser,77,170,L,86%,M,45%
423,1439,4,tighter,91,184,L,94%,XL,37%
424,1440,9,perfect,91,173,L,81%,XL,59%
425,1441,0,looser,75,170,L,79%,M,56%
426,1442,2,tighter,88,188,L,94%,M,45%
427,1443,4,perfect,61,154,S,92%,M,39%
428,1444,1,perfect,90,176,L,80%,XL,59%
429,1445,4,perfect,87,172,L,94%,XL,38%
430,1446,0,tighter,87,177,L,72%,M,63%
431,1447,4,tighter,93,177,L,93%,M,38%
432,1448,9,tighter,74,163,S,70%,M,68%
433,1449,6,tighter,83,164,M,97%,L,41%
434,1450,2,perfect,88,176,L,88%,XL,52%
435,1451,6,looser,87,172,XL,77%,L,63%
436,1452,5,tighter,91,179,L,91%,M,42%
437,1453,0,perfect,93,188,XL,93%,L,42%
438,1454,5,tighter,89,182,L,90%,M,44%
439,1455,1,tighter,82,170,M,95%,L,42%
440,1456,6,looser,78,171,L,93%,M,45%
441,1457,7,tighter,67,158,S,92%,M,45%
442,1458,1,perfect,96,182,XL,89%,L,49%
443,1459,8,perfect,80,173,L,69%,M,60%
444,1460,5,perfect,91,176,L,72%,XL,61%
445,1461,5,looser,82,180,L,67%,XL,65%
446,1462,6,looser,97,183,XL,92%,L,37%
447,1463,9,looser,96,184,XXL,71%,XL,69%
448,1464,1,looser,72,164,M,87%,L,51%
449,1465,6,looser,95,180,XL,96%,L,40%
450,1466,6,tighter,89,179,L,86%,M,53%
451,1467,1,looser,77,168,L,86%,M,52%
452,1468,7,perfect,91,179,XL,70%,L,68%
453,1469,3,looser,74,169,L,73%,M,67%
454,1470,9,looser,86,178,XL,87%,L,53%
455,1471,4,tighter,93,181,L,93%,XL,38%
456,1472,3,looser,89,178,XL,95%,L,44%
457,1473,6,tighter,75,172,M,84%,S,54%
458,1474,3,looser,94,183,XL,82%,XXL,58%
459,1475,5,looser,79,174,L,93%,XL,41%
460,1476,0,perfect,88,177,L,85%,XL,49%
461,1477,8,looser,87,176,XL,84%,L,46%
462,1478,5,looser,80,174,L,90%,XL,43%
463,1480,1,perfect,97,188,XL,66%,L,43%
464,1481,1,looser,97,183,XL,92%,L,36%
465,1482,9,perfect,85,173,L,93%,M,46%
466,1483,2,tighter,81,174,M,93%,L,46%
467,1484,8,looser,78,165,L,82%,M,48%
468,1485,1,perfect,97,191,XL,95%,L,39%
469,1486,3,looser,89,178,XL,95%,L,44%
470,1487,8,looser,99,186,XXL,79%,XL,51%
471,1488,4,tighter,94,186,L,83%,XL,47%
472,1489,3,tighter,77,165,M,87%,S,54%
473,1490,1,perfect,101,189,XL,95%,L,39%
474,1491,2,perfect,93,175,XL,73%,L,68%
475,1492,4,looser,86,177,XL,78%,L,53%
476,1494,1,perfect,96,187,XL,92%,L,42%
477,1495,6,tighter,81,179,M,91%,L,47%
478,1496,6,looser,94,184,L,41%,M,15%
479,1497,3,tighter,85,176,M,78%,L,63%
480,1498,9,looser,91,177,XL,96%,XXL,42%
481,1499,1,tighter,83,169,M,94%,L,43%
482,1500,4,looser,89,174,XL,84%,L,46%
483,1501,7,tighter,76,172,M,92%,S,45%
484,1502,4,tighter,95,182,L,86%,XL,44%
485,1503,2,tighter,98,191,XL,79%,L,62%
486,1504,4,tighter,72,161,S,75%,M,55%
487,1505,4,perfect,83,175,L,90%,M,41%
488,1512,3,perfect,89,179,L,79%,XL,62%
489,1513,1,looser,77,166,L,83%,M,55%
490,1514,0,tighter,98,187,XL,72%,L,63%
491,1515,5,tighter,88,182,L,86%,M,47%
492,1516,8,looser,66,157,M,83%,S,47%
493,1517,2,perfect,71,164,M,91%,S,48%
494,1518,5,perfect,63,159,S,85%,M,48%
495,1519,7,perfect,86,175,L,94%,XL,43%
496,1520,1,looser,91,177,XL,92%,L,45%
497,1521,6,looser,77,171,L,91%,M,48%
498,1522,7,looser,91,186,XL,95%,L,41%
499,1523,6,tighter,89,177,L,83%,M,57%
500,1524,9,perfect,101,180,XL,94%,XXL,45%
501,1525,5,looser,84,171,L,76%,XL,57%
502,1526,7,tighter,86,180,L,75%,M,63%
503,1527,2,tighter,93,178,L,95%,M,44%
504,1528,6,tighter,88,179,L,83%,M,57%
505,1530,1,looser,68,165,M,96%,L,41%
506,1531,4,looser,93,184,XL,95%,L,35%
507,1532,1,perfect,80,175,L,78%,M,60%
508,1533,3,tighter,78,169,M,93%,S,46%
509,1534,2,perfect,103,192,XL,92%,L,37%
510,1535,0,perfect,89,183,L,67%,XL,65%
511,1536,4,tighter,81,169,M,96%,L,36%
512,1537,5,perfect,72,161,M,89%,S,44%
513,1538,9,perfect,84,173,L,91%,M,49%
514,1539,1,looser,90,176,XL,90%,L,48%
515,1540,2,looser,91,184,XL,95%,L,43%
516,1541,1,tighter,93,187,L,87%,XL,51%
517,1542,9,tighter,73,167,M,74%,S,66%
518,1543,3,looser,72,169,M,79%,L,62%
519,1544,3,perfect,90,173,L,85%,XL,55%
520,1545,1,looser,95,186,XL,93%,L,37%
521,1546,0,tighter,66,160,S,91%,M,43%
522,1547,2,looser,86,172,XL,74%,L,66%
523,1548,7,looser,93,189,XL,95%,L,38%
524,1549,9,tighter,77,164,M,83%,S,50%
525,1550,4,looser,82,180,XL,65%,L,63%
526,1551,5,perfect,81,171,L,73%,M,61%
527,1552,6,tighter,76,171,M,92%,S,47%
528,1553,5,perfect,90,179,L,71%,XL,62%
529,1555,0,looser,95,180,XL,81%,XXL,53%
530,1556,9,looser,83,170,L,85%,XL,55%
531,1557,4,tighter,79,179,M,92%,L,39%
532,1558,6,tighter,90,175,L,83%,M,57%
533,1559,2,perfect,91,186,XL,81%,L,59%
534,1560,1,looser,90,181,XL,93%,L,44%
535,1561,5,perfect,82,177,L,89%,M,44%
536,1562,1,tighter,94,189,L,80%,XL,58%
537,1563,0,tighter,75,172,M,89%,S,45%
538,1564,8,looser,84,182,XL,80%,L,49%
539,1565,1,looser,87,183,XL,89%,L,49%
540,1566,3,looser,78,172,L,94%,M,45%
541,1567,4,perfect,73,169,M,96%,L,36%
542,1568,2,tighter,81,178,M,89%,L,51%
543,1569,7,tighter,107,194,XL,95%,L,41%
544,1570,1,perfect,74,167,M,96%,L,41%
545,1571,3,looser,68,167,M,95%,L,44%
546,1572,8,looser,90,182,XL,93%,XXL,38%
547,1573,0,perfect,88,175,L,88%,XL,46%
548,1574,5,looser,97,186,XL,87%,L,31%
549,1575,8,tighter,87,175,M,65%,L,63%
550,1576,3,looser,91,182,XL,94%,XXL,46%
551,1577,1,looser,91,182,XL,94%,L,42%
552,1578,3,tighter,57,154,S,90%,M,36%
553,1579,4,tighter,81,175,M,91%,L,40%
554,1580,0,looser,84,173,L,72%,XL,63%
555,1581,9,perfect,89,180,L,77%,XL,63%
556,1582,9,tighter,89,182,L,90%,M,49%
557,1583,5,tighter,84,177,M,78%,L,55%
558,1585,3,looser,87,180,XL,92%,L,47%
559,1586,2,perfect,92,183,XL,81%,L,60%
560,1587,3,perfect,78,168,M,86%,L,55%
561,1588,8,tighter,82,173,M,89%,L,41%
562,1589,8,looser,98,183,XXL,72%,XL,58%
563,1590,7,looser,78,171,L,93%,M,44%
564,1591,0,perfect,92,179,XL,75%,L,60%
565,1592,1,looser,85,182,XL,83%,L,55%
566,1593,7,tighter,96,181,L,86%,XL,52%
567,1595,0,perfect,90,179,L,71%,XL,63%
568,1596,9,perfect,97,180,XL,95%,L,44%
569,1597,8,perfect,71,169,M,92%,S,39%
570,1598,7,tighter,75,165,M,78%,S,60%
571,1599,2,looser,82,177,L,77%,XL,64%
572,1600,6,perfect,95,182,XL,87%,L,53%
573,1601,0,tighter,76,170,M,89%,S,45%
574,1602,9,looser,79,175,L,92%,XL,47%
575,1603,2,tighter,78,165,M,90%,S,50%
576,1604,3,tighter,81,184,M,79%,L,61%
577,1605,4,tighter,85,184,L,77%,M,53%
578,1606,9,tighter,80,169,M,96%,S,42%
579,1607,4,tighter,65,158,S,93%,M,38%
580,1608,7,tighter,73,172,M,84%,S,55%
581,1609,9,perfect,78,173,M,76%,L,64%
582,1610,6,looser,76,172,L,89%,M,51%
583,1611,3,perfect,115,194,XXL,96%,XL,41%
584,1616,7,tighter,77,174,M,95%,S,42%
585,1617,8,looser,84,179,XL,74%,L,55%
586,1618,1,tighter,83,175,M,87%,L,51%
587,1619,5,looser,95,189,XL,90%,L,33%
588,1620,0,perfect,90,178,L,74%,XL,61%
589,1621,5,perfect,75,173,M,88%,L,45%
590,1622,5,perfect,94,180,XL,80%,L,53%
591,1623,4,perfect,92,177,XL,68%,L,63%
592,1624,6,perfect,70,165,M,89%,S,50%
593,1625,8,perfect,76,171,M,85%,L,45%
594,1626,5,perfect,102,188,XL,95%,L,36%
595,1627,8,looser,77,174,L,90%,M,40%
596,1628,5,looser,86,175,XL,75%,L,58%
597,1629,5,tighter,78,174,M,96%,S,37%
598,1630,9,tighter,80,172,M,96%,L,43%
599,1631,5,looser,86,181,XL,83%,L,50%
600,1632,4,tighter,87,179,L,76%,M,55%
601,1633,0,looser,84,173,L,72%,XL,63%
602,1634,3,tighter,92,181,L,95%,M,44%
603,1635,5,tighter,95,176,L,94%,XL,40%
604,1636,8,perfect,94,189,XL,94%,L,38%
605,1637,1,looser,88,183,XL,91%,L,46%
606,1638,1,tighter,93,185,L,90%,XL,48%
607,1639,8,tighter,79,172,M,95%,S,37%
608,1640,7,looser,85,171,L,72%,XL,67%
609,1641,3,looser,87,179,XL,91%,L,48%
610,1642,5,perfect,79,170,M,75%,L,58%
611,1643,6,tighter,94,180,L,93%,XL,46%
612,1644,4,perfect,71,167,M,93%,S,38%
613,1645,5,perfect,77,163,M,94%,L,40%
614,1646,9,looser,81,171,L,91%,XL,48%
615,1648,6,perfect,85,173,L,93%,M,45%
616,1649,6,looser,80,171,L,94%,XL,45%
617,1650,4,tighter,73,166,M,68%,S,63%
618,1651,8,looser,69,171,M,85%,L,45%
619,1652,1,perfect,58,158,S,94%,M,42%
620,1653,2,tighter,84,171,M,90%,L,50%
621,1654,6,tighter,87,176,L,72%,M,68%
622,1655,3,perfect,92,177,XL,73%,L,68%
623,1656,6,tighter,89,174,L,77%,M,63%
624,1657,8,perfect,86,180,L,85%,XL,45%
625,1658,7,perfect,93,181,XL,80%,L,58%
626,1659,9,tighter,72,168,M,68%,S,65%
627,1660,4,looser,85,175,XL,70%,L,60%
628,1661,1,perfect,76,172,M,87%,L,51%
629,1662,4,tighter,84,178,M,74%,L,56%
630,1663,0,tighter,90,180,L,90%,M,45%
631,1665,8,looser,74,168,L,66%,M,64%
632,1666,6,looser,80,178,L,85%,XL,55%
633,1667,8,perfect,78,174,M,69%,L,61%
634,1669,4,tighter,90,175,L,81%,M,49%
635,1670,0,looser,92,182,XL,90%,XXL,44%
636,1671,9,perfect,90,174,L,84%,XL,56%
637,1672,1,perfect,101,177,XL,93%,L,44%
638,1673,9,perfect,89,180,L,77%,XL,63%
639,1674,8,looser,76,170,L,81%,M,49%
640,1675,0,looser,78,171,L,92%,M,42%
641,1676,4,tighter,96,180,L,86%,XL,44%
642,1677,0,perfect,78,169,M,83%,L,52%
643,1678,5,looser,84,173,L,71%,XL,62%
644,1679,4,perfect,73,168,M,96%,L,36%
645,1680,6,perfect,70,167,M,86%,S,53%
646,1681,9,perfect,71,163,M,89%,S,50%
647,1682,8,looser,69,167,M,90%,L,41%
648,1683,1,looser,79,177,L,90%,XL,45%
649,1684,6,tighter,88,175,L,74%,M,66%
650,1685,4,perfect,87,179,L,85%,XL,45%
651,1686,0,looser,94,186,XL,74%,XXL,61%
652,1687,1,tighter,87,183,L,86%,M,53%
653,1688,5,looser,91,187,XL,95%,L,37%
654,1689,7,looser,95,186,XL,93%,L,37%
655,1690,7,looser,69,160,M,96%,S,41%
656,1691,6,looser,94,183,XL,96%,L,40%
657,1693,8,tighter,92,182,L,92%,XL,39%
658,1695,8,perfect,65,161,S,78%,M,52%
659,1696,6,looser,84,179,XL,76%,L,64%
660,1704,0,tighter,83,172,M,13%,L,15%
661,1705,5,tighter,75,173,M,91%,S,43%
662,1706,1,looser,91,183,XL,95%,L,42%
663,1707,3,perfect,73,169,M,96%,L,43%
664,1708,2,perfect,81,165,M,78%,L,63%
665,1709,3,tighter,78,173,M,96%,S,43%
666,1710,9,perfect,89,178,L,81%,XL,59%
667,1711,5,tighter,75,175,M,93%,S,41%
668,1712,2,tighter,91,184,L,95%,XL,44%
669,1713,6,perfect,85,179,L,93%,XL,46%
670,1714,3,tighter,77,175,M,96%,S,43%
671,1715,9,perfect,81,167,M,74%,L,66%
672,1716,2,looser,60,154,S,84%,M,57%
673,1717,2,looser,76,167,L,81%,M,59%
674,1718,2,tighter,89,176,L,82%,M,59%
675,1719,4,looser,86,179,XL,80%,L,50%
676,1720,7,perfect,72,164,M,93%,S,44%
677,1721,7,looser,76,169,L,84%,M,54%
678,1722,7,tighter,86,180,L,75%,M,63%
679,1723,9,tighter,78,171,M,95%,S,44%
680,1724,9,looser,81,173,L,88%,XL,51%
681,1726,6,tighter,79,172,M,97%,S,41%
682,1727,3,tighter,97,180,L,85%,XL,56%
683,1729,3,perfect,79,174,L,72%,M,69%
684,1730,0,perfect,91,183,XL,79%,L,56%
685,1731,3,perfect,97,177,XL,92%,L,47%
686,1732,8,perfect,76,168,M,89%,L,42%
687,1733,7,tighter,78,171,M,95%,S,42%
688,1734,3,perfect,84,180,L,94%,XL,45%
689,1735,0,perfect,77,167,M,90%,L,45%
690,1736,6,tighter,83,174,M,89%,L,50%
691,1737,7,looser,92,177,XL,93%,L,43%
692,1738,8,looser,92,183,XL,87%,XXL,44%
693,1739,5,tighter,81,171,M,95%,L,39%
694,1740,4,looser,85,177,XL,74%,L,57%
695,1741,9,perfect,78,169,M,84%,L,56%
696,1742,1,perfect,88,182,L,77%,XL,61%
697,1743,6,tighter,82,175,M,91%,L,49%
698,1744,6,looser,91,174,XL,91%,L,49%
699,1745,6,perfect,85,173,L,93%,M,45%
700,1746,2,perfect,74,171,M,94%,L,46%
701,1747,9,tighter,86,173,M,80%,L,61%
702,1748,6,tighter,87,180,L,80%,M,59%
703,1749,7,looser,87,179,XL,85%,L,53%
704,1750,8,tighter,95,180,L,87%,XL,43%
705,1752,9,perfect,75,164,M,96%,L,42%
706,1753,2,looser,78,171,L,94%,M,45%
707,1754,9,tighter,87,179,L,78%,M,62%
708,1755,8,perfect,93,182,XL,83%,L,47%
709,1756,0,looser,92,179,XL,93%,XXL,41%
710,1757,0,tighter,89,179,L,85%,M,50%
711,1758,4,tighter,80,173,M,95%,L,37%
712,1759,6,tighter,85,178,M,74%,L,66%
713,1760,8,perfect,90,182,XL,68%,L,62%
714,1761,1,looser,74,172,L,79%,M,59%
715,1762,7,perfect,68,160,M,70%,S,68%
716,1763,9,tighter,78,169,M,93%,S,45%
717,1764,9,perfect,78,167,M,87%,L,53%
718,1765,6,tighter,74,164,M,72%,S,68%
719,1766,9,tighter,87,173,M,72%,L,61%
720,1767,2,tighter,85,177,M,76%,L,65%
721,1768,7,looser,66,163,M,94%,S,44%
722,1769,9,looser,100,184,XXL,84%,XL,56%
723,1770,8,tighter,85,177,M,71%,L,59%
724,1771,4,looser,77,176,L,95%,M,37%
725,1772,1,tighter,86,176,M,72%,L,66%
726,1773,8,looser,86,176,XL,79%,L,51%
727,1774,2,perfect,79,175,L,74%,M,66%
728,1775,2,perfect,73,163,M,95%,S,44%
729,1776,9,perfect,80,171,M,70%,L,68%
730,1777,0,perfect,96,186,XL,96%,L,38%
731,1778,3,perfect,91,180,XL,74%,L,66%
732,1780,8,perfect,85,173,L,90%,M,41%
733,1781,8,looser,93,177,XL,90%,XXL,40%
734,1782,3,looser,79,170,L,94%,M,45%
735,1783,1,looser,86,172,XL,73%,L,65%
736,1784,1,perfect,98,180,XL,91%,L,47%
737,1785,5,perfect,86,180,L,88%,XL,45%
738,1786,0,perfect,98,189,XL,91%,XXL,43%
739,1787,0,tighter,82,176,M,88%,L,47%
740,1789,3,tighter,82,172,M,93%,L,46%
741,1790,7,tighter,97,183,L,79%,XL,59%
742,1791,6,looser,79,172,L,95%,XL,44%
743,1792,2,perfect,79,174,L,72%,M,68%
744,1793,7,looser,90,174,XL,88%,L,50%
745,1794,4,perfect,81,172,L,75%,M,56%
746,1795,5,perfect,96,187,XL,92%,L,42%
747,1796,4,perfect,77,171,M,82%,L,48%
748,1797,9,looser,96,187,XXL,75%,XL,65%
749,1798,1,perfect,76,168,M,92%,L,45%
750,1799,1,tighter,89,183,L,91%,M,46%
751,1800,9,tighter,92,181,L,95%,M,44%
752,1801,7,looser,89,179,XL,95%,L,41%
753,1802,0,perfect,74,167,M,96%,L,39%
754,1803,4,perfect,91,182,XL,72%,L,58%
755,1804,7,tighter,90,180,L,90%,M,47%
756,1805,8,tighter,84,177,M,76%,L,54%
757,1806,9,looser,89,178,XL,95%,L,44%
758,1807,9,perfect,78,179,L,77%,M,63%
759,1808,9,perfect,82,169,L,76%,M,64%
760,1810,9,looser,76,174,L,91%,M,48%
761,1811,8,tighter,83,173,M,86%,L,44%
762,1812,7,tighter,76,173,M,93%,S,44%
763,1813,7,tighter,88,168,M,80%,L,58%
764,1814,6,perfect,67,163,M,72%,S,68%
765,1815,6,tighter,78,174,M,94%,S,44%
766,1816,2,tighter,90,183,L,94%,M,45%
767,1817,4,looser,87,180,XL,85%,L,45%
768,1818,3,looser,93,184,XL,85%,XXL,56%
769,1819,1,tighter,88,178,L,80%,M,58%
770,1821,8,tighter,99,183,XL,65%,L,63%
771,1822,5,tighter,79,177,M,94%,L,40%
772,1823,2,tighter,85,175,M,80%,L,61%
773,1824,3,looser,69,163,M,96%,L,43%
774,1825,1,tighter,84,176,M,82%,L,56%
775,1826,6,tighter,77,164,M,85%,S,55%
776,1827,3,looser,94,181,XL,86%,XXL,55%
777,1828,1,perfect,78,174,M,74%,L,65%
778,1829,5,looser,71,171,M,78%,L,55%
779,1830,3,tighter,91,176,L,88%,M,52%
780,1831,5,looser,79,168,L,92%,M,41%
781,1832,3,perfect,80,172,L,72%,M,68%
782,1833,3,perfect,78,172,M,79%,L,62%
783,1834,2,looser,75,168,L,78%,M,63%
784,1835,9,perfect,88,179,L,83%,XL,57%
785,1836,3,tighter,86,173,M,80%,L,61%
786,1837,8,looser,89,179,XL,93%,L,38%
787,1838,9,perfect,97,182,XL,96%,L,43%
788,1839,2,tighter,94,181,L,92%,XL,47%
789,1840,3,perfect,73,165,M,95%,S,44%
790,1841,2,perfect,78,168,M,86%,L,55%
791,1842,3,perfect,91,182,XL,79%,L,62%
792,1843,0,looser,80,173,L,91%,XL,44%
793,1844,6,tighter,81,177,M,91%,L,48%
794,1845,0,tighter,90,185,L,94%,M,40%
795,1846,4,perfect,77,174,M,76%,L,55%
796,1847,8,looser,82,177,L,72%,XL,58%
797,1848,7,tighter,75,166,M,80%,S,58%
798,1849,3,tighter,79,174,M,96%,L,43%
799,1850,4,looser,71,168,M,83%,L,47%
800,1851,2,perfect,89,183,XL,71%,L,69%
801,1852,4,perfect,78,172,M,75%,L,56%
802,1853,2,perfect,95,182,XL,87%,L,53%
803,1854,6,perfect,88,180,L,82%,XL,58%
804,1855,3,looser,99,184,XXL,81%,XL,59%
805,1856,7,tighter,93,180,L,95%,XL,43%
806,1857,7,tighter,99,178,L,80%,XL,58%
807,1858,1,tighter,94,181,L,92%,XL,45%
808,1860,8,perfect,89,181,L,70%,XL,60%
809,1861,1,perfect,72,169,M,96%,S,41%
810,1862,8,perfect,91,180,XL,69%,L,61%
811,1863,4,tighter,87,179,L,76%,M,55%
812,1864,5,looser,82,174,L,81%,XL,52%
813,1865,2,tighter,66,162,S,91%,M,49%
814,1866,6,looser,83,174,L,78%,XL,62%
815,1867,8,perfect,84,170,L,83%,M,47%
816,1868,5,tighter,73,168,M,73%,S,60%
817,1869,5,perfect,90,177,L,76%,XL,57%
818,1870,4,looser,76,166,L,76%,M,55%
819,1871,2,looser,83,170,L,85%,XL,56%
820,1872,7,tighter,91,181,L,94%,M,44%
821,1873,9,tighter,91,176,L,88%,M,52%
822,1874,7,tighter,88,174,L,71%,M,67%
823,1875,3,perfect,81,176,L,85%,M,56%
824,1876,9,tighter,84,175,M,84%,L,56%
825,1877,3,looser,84,174,L,72%,XL,69%
826,1878,8,looser,71,164,M,87%,L,43%
827,1879,7,tighter,76,170,M,90%,S,47%
828,1880,8,looser,83,175,L,70%,XL,59%
829,1881,4,perfect,71,162,M,87%,S,43%
830,1882,9,tighter,68,170,S,78%,M,62%
831,1883,5,perfect,87,177,L,89%,XL,44%
832,1884,1,tighter,84,180,M,73%,L,65%
833,1885,3,perfect,98,185,XL,95%,XXL,44%
834,1886,5,tighter,92,188,L,88%,XL,45%
835,1887,9,tighter,85,178,M,74%,L,67%
836,1888,0,looser,95,181,XL,79%,XXL,55%
837,1889,5,looser,77,174,L,93%,M,41%
838,1890,0,looser,80,171,L,93%,XL,42%
839,1891,6,tighter,95,182,L,89%,XL,51%
840,1892,9,looser,88,174,XL,89%,L,51%
841,1893,9,tighter,78,169,M,93%,S,45%
842,1894,0,perfect,88,185,L,68%,XL,66%
843,1895,6,looser,92,186,L,51%,M,19%
844,1896,0,tighter,89,182,L,89%,M,45%
845,1898,7,looser,95,180,XL,95%,L,39%
846,1899,1,looser,103,183,XL,44%,L,16%
847,1900,2,tighter,95,183,L,87%,XL,54%
848,1901,8,looser,86,173,XL,73%,L,57%
849,1902,8,tighter,77,172,M,91%,S,39%
850,1903,9,tighter,60,156,S,95%,M,40%
851,1904,6,tighter,87,174,M,73%,L,67%
852,1905,3,looser,96,181,XL,76%,XXL,65%
853,1906,4,tighter,93,181,L,93%,XL,38%
854,1907,7,tighter,89,182,L,90%,M,47%
855,1908,2,looser,93,183,XL,96%,L,41%
856,1909,0,looser,82,178,L,72%,XL,62%
857,1910,7,tighter,83,173,M,90%,L,48%
858,1911,5,perfect,74,169,M,95%,L,39%
859,1912,8,perfect,72,171,M,94%,L,37%
860,1913,8,looser,84,177,XL,70%,L,60%
861,1914,7,looser,78,171,L,93%,M,44%
862,1915,2,tighter,75,166,M,82%,S,59%
863,1916,3,tighter,61,156,S,96%,M,41%
864,1917,5,tighter,99,186,XL,72%,L,62%
865,1918,7,looser,76,163,L,70%,M,67%
866,1919,0,tighter,86,176,M,71%,L,64%
867,1920,0,looser,87,178,XL,89%,L,45%
868,1921,8,tighter,70,160,S,88%,M,43%
869,1922,6,looser,76,171,L,87%,M,52%
870,1923,7,perfect,104,196,XL,81%,L,31%
871,1924,0,tighter,79,176,M,94%,L,40%
872,1925,2,tighter,83,180,M,78%,L,62%
873,1926,5,perfect,83,172,L,85%,M,48%
874,1927,3,perfect,82,175,L,87%,M,53%
875,1928,6,looser,101,190,XL,42%,L,15%
876,1930,1,perfect,73,171,M,95%,L,42%
877,1931,7,perfect,78,167,M,87%,L,51%
878,1932,2,tighter,77,171,M,94%,S,45%
879,1933,0,tighter,81,177,M,90%,L,45%
880,1934,2,perfect,86,181,L,88%,XL,52%
881,1935,4,perfect,88,181,L,76%,XL,54%
882,1936,7,perfect,73,165,M,95%,S,42%
883,1937,6,perfect,91,181,XL,74%,L,66%
884,1938,7,perfect,80,170,M,72%,L,67%
885,1939,7,tighter,63,162,S,94%,M,43%
886,1940,7,looser,87,180,XL,86%,L,52%
887,1941,9,perfect,82,173,L,84%,M,56%
888,1942,3,perfect,80,174,L,77%,M,64%
889,1943,4,perfect,50,152,S,74%,M,26%
890,1944,2,perfect,84,173,L,91%,M,48%
891,1945,1,looser,77,173,L,93%,M,45%
892,1947,4,tighter,89,173,L,71%,M,59%
893,1948,5,tighter,71,165,S,74%,M,59%
894,1949,5,perfect,94,179,XL,79%,L,54%
895,1950,6,tighter,102,189,XL,86%,L,54%
896,1951,9,tighter,69,158,S,89%,M,51%
897,1952,1,tighter,73,169,M,78%,S,61%
898,1953,4,tighter,88,178,L,78%,M,52%
899,1954,5,perfect,82,180,L,92%,M,41%
900,1958,9,perfect,79,172,M,73%,L,67%
901,1959,2,tighter,77,176,M,97%,S,42%
902,1960,4,perfect,98,186,XL,93%,L,38%
903,1961,3,looser,75,168,L,77%,M,64%
904,1962,1,looser,95,182,XL,95%,L,36%
905,1963,3,tighter,77,170,M,93%,S,47%
906,1964,7,tighter,82,174,M,91%,L,46%
907,1965,7,perfect,87,179,L,87%,XL,51%
908,1966,4,tighter,86,177,M,65%,L,63%
909,1967,6,looser,77,171,L,91%,M,48%
910,1968,9,perfect,85,175,L,94%,M,44%
911,1969,3,perfect,92,175,L,72%,XL,69%
912,1970,9,tighter,79,172,M,96%,S,42%
913,1972,1,looser,78,171,L,93%,M,42%
914,1973,2,tighter,89,172,L,73%,M,67%
915,1974,9,tighter,85,169,M,90%,L,50%
916,1975,3,perfect,89,180,L,77%,XL,64%
917,1976,3,perfect,91,183,XL,80%,L,60%
918,1977,3,tighter,81,171,M,95%,L,44%
919,1978,5,perfect,88,177,L,86%,XL,48%
920,1979,7,looser,84,172,L,75%,XL,63%
921,1980,5,perfect,72,160,M,88%,S,45%
922,1981,0,looser,84,179,XL,77%,L,57%
923,1984,9,looser,82,178,L,75%,XL,66%
924,1985,2,perfect,82,171,L,81%,M,59%
925,1986,2,tighter,82,173,M,92%,L,47%
926,1987,0,looser,102,191,XXL,93%,XL,41%
927,1992,3,perfect,68,161,M,73%,S,67%
928,1993,9,looser,94,183,XL,82%,XXL,58%
929,1994,3,looser,77,166,L,83%,M,57%
930,1998,8,perfect,89,170,L,89%,XL,42%
931,1999,7,tighter,86,176,M,72%,L,66%
932,2000,0,tighter,78,165,M,89%,S,46%
0,1001,7,perfect,70,168,M,92%,S,45%
1,1002,1,perfect,81,165,M,77%,L,61%
2,1003,4,perfect,92,175,L,66%,XL,64%
3,1004,4,perfect,81,172,L,75%,M,56%
4,1005,6,tighter,87,173,M,75%,L,65%
5,1006,2,looser,91,184,XL,95%,L,43%
6,1007,4,looser,95,188,XL,91%,L,32%
7,1008,8,perfect,90,186,XL,77%,L,53%
8,1010,6,tighter,75,173,M,92%,S,47%
11,1013,7,looser,77,174,L,93%,M,44%
12,1014,1,looser,83,178,XL,70%,L,68%
13,1015,9,tighter,82,170,M,95%,L,44%
14,1016,3,perfect,84,171,L,88%,M,52%
16,1018,8,perfect,78,170,M,78%,L,52%
17,1019,7,tighter,80,170,M,97%,S,40%
18,1020,2,looser,78,167,L,90%,M,50%
19,1021,3,perfect,86,172,L,94%,M,45%
20,1022,8,looser,86,181,XL,87%,L,43%
21,1023,9,perfect,85,178,L,94%,XL,45%
22,1024,1,looser,94,187,XL,94%,L,38%
23,1025,6,perfect,71,168,M,94%,S,44%
24,1026,7,perfect,85,173,L,93%,M,44%
25,1027,1,tighter,79,173,M,96%,L,40%
26,1028,9,looser,79,167,L,92%,M,47%
27,1029,6,looser,76,169,L,84%,M,56%
28,1030,8,perfect,74,168,M,93%,L,38%
29,1031,6,tighter,104,186,XL,87%,L,52%
30,1032,3,perfect,93,175,XL,74%,L,67%
31,1033,3,tighter,90,182,L,92%,M,47%
32,1034,9,tighter,73,161,S,73%,M,60%
33,1035,2,perfect,85,183,L,89%,XL,52%
34,1036,5,tighter,93,182,L,93%,XL,41%
36,1038,6,looser,85,175,XL,74%,L,66%
37,1039,4,perfect,76,170,M,88%,L,43%
38,1040,0,looser,72,161,M,90%,L,44%
39,1041,9,looser,94,182,XL,84%,XXL,56%
40,1042,6,perfect,87,179,L,88%,XL,52%
42,1045,5,perfect,91,176,L,72%,XL,61%
43,1046,4,looser,74,160,M,83%,L,47%
44,1047,5,looser,95,182,XL,95%,L,35%
45,1048,9,looser,90,181,XL,96%,XXL,43%
47,1050,8,tighter,85,178,M,69%,L,61%
48,1051,1,tighter,92,178,L,93%,M,44%
49,1052,4,looser,77,174,L,93%,M,38%
50,1053,5,perfect,99,181,XL,92%,L,41%
51,1054,9,tighter,76,170,M,90%,S,49%
52,1056,7,perfect,82,180,L,93%,M,44%
53,1057,7,perfect,89,182,L,72%,XL,67%
54,1058,3,looser,97,186,XXL,77%,XL,63%
56,1060,0,tighter,83,179,M,79%,L,56%
57,1061,3,tighter,66,168,S,86%,M,55%
58,1062,0,tighter,86,178,L,69%,M,66%
59,1063,3,looser,92,180,XL,93%,XXL,46%
60,1064,3,tighter,81,178,M,89%,L,51%
61,1065,7,perfect,95,181,XL,86%,L,53%
62,1066,5,tighter,88,180,L,83%,M,50%
63,1067,6,perfect,69,169,M,91%,S,48%
64,1068,0,tighter,93,184,L,90%,XL,44%
65,1069,1,looser,81,168,L,94%,XL,43%
66,1070,7,looser,73,169,M,72%,L,66%
67,1071,1,looser,83,169,L,86%,XL,49%
68,1072,6,looser,80,176,L,88%,XL,51%
69,1073,3,tighter,80,173,M,95%,L,43%
70,1074,8,tighter,72,167,S,66%,M,64%
71,1075,3,tighter,97,178,L,88%,XL,53%
72,1076,4,looser,85,175,XL,70%,L,60%
73,1077,0,perfect,88,180,L,80%,XL,55%
74,1078,1,looser,80,169,L,95%,XL,42%
75,1079,6,tighter,80,174,M,95%,L,43%
76,1080,2,tighter,83,180,M,78%,L,62%
77,1081,6,tighter,69,160,S,87%,M,52%
78,1083,6,perfect,79,172,M,73%,L,67%
79,1084,1,perfect,89,180,L,76%,XL,62%
81,1086,7,perfect,74,167,M,96%,L,41%
82,1087,4,perfect,91,181,XL,70%,L,60%
84,1089,6,tighter,96,181,L,92%,M,46%
85,1090,3,tighter,77,176,M,96%,S,42%
86,1091,8,perfect,86,178,L,88%,XL,42%
87,1092,3,perfect,90,183,XL,76%,L,65%
88,1093,1,looser,93,181,XL,95%,L,40%
89,1094,9,perfect,77,175,M,77%,L,63%
90,1095,4,perfect,84,180,L,93%,XL,38%
91,1096,1,looser,84,170,L,80%,XL,58%
92,1097,9,tighter,100,193,XL,91%,L,48%
93,1098,1,perfect,76,172,M,87%,L,51%
94,1100,4,looser,87,181,XL,86%,L,44%
95,1101,0,tighter,89,178,L,83%,M,51%
97,1103,1,perfect,87,184,L,78%,XL,60%
99,1105,8,tighter,90,182,L,89%,M,41%
100,1106,1,perfect,102,189,XL,95%,L,38%
101,1107,2,perfect,70,171,M,95%,S,44%
102,1108,8,perfect,86,179,L,87%,XL,43%
103,1109,5,perfect,76,165,M,94%,L,39%
105,1111,2,perfect,97,182,XL,91%,L,48%
106,1112,3,tighter,77,175,M,96%,S,43%
107,1113,6,tighter,73,165,S,70%,M,68%
108,1114,2,tighter,93,177,L,94%,M,45%
109,1115,0,tighter,90,180,L,90%,M,45%
110,1116,7,looser,103,185,XL,41%,L,15%
111,1117,2,perfect,91,182,XL,76%,L,65%
112,1118,4,tighter,102,187,XL,82%,L,48%
113,1119,8,tighter,74,166,M,71%,S,58%
114,1120,6,tighter,84,179,M,76%,L,64%
115,1121,3,perfect,81,173,L,80%,M,61%
116,1122,7,tighter,78,170,M,94%,S,43%
117,1123,7,looser,88,179,XL,88%,L,50%
118,1124,5,tighter,74,162,S,68%,M,65%
119,1125,1,perfect,74,170,M,94%,L,43%
120,1126,5,looser,84,178,XL,72%,L,61%
121,1127,1,looser,83,178,XL,70%,L,68%
122,1128,5,looser,92,179,XL,94%,L,39%
123,1129,3,looser,85,176,XL,79%,L,62%
124,1130,2,perfect,94,188,XL,90%,L,49%
126,1132,5,perfect,92,186,XL,82%,L,51%
127,1133,4,looser,85,175,XL,70%,L,60%
128,1134,6,perfect,75,171,M,92%,L,47%
129,1135,1,tighter,64,159,S,94%,M,42%
130,1136,5,looser,84,174,L,68%,XL,65%
131,1137,6,tighter,87,176,M,75%,L,63%
132,1138,3,looser,83,176,L,73%,XL,67%
133,1139,0,tighter,84,175,M,82%,L,52%
134,1140,0,tighter,74,169,M,81%,S,54%
135,1141,6,looser,91,180,XL,94%,L,44%
137,1143,1,looser,72,169,M,78%,L,60%
138,1144,2,perfect,79,170,M,77%,L,63%
139,1145,8,perfect,87,176,L,88%,XL,43%
140,1146,0,perfect,86,183,L,83%,XL,51%
141,1147,6,perfect,83,175,L,91%,M,49%
142,1148,4,tighter,89,175,L,76%,M,54%
143,1149,5,looser,75,166,L,69%,M,64%
144,1150,3,looser,90,173,XL,93%,L,46%
145,1151,6,looser,89,182,XL,92%,L,46%
146,1152,0,tighter,97,187,L,68%,XL,66%
147,1153,8,perfect,87,179,L,83%,XL,47%
148,1154,6,perfect,85,175,L,95%,M,44%
149,1155,1,perfect,106,186,XL,90%,L,35%
150,1156,7,perfect,81,173,L,79%,M,59%
151,1157,1,perfect,68,162,M,75%,S,64%
152,1158,4,tighter,76,172,M,92%,S,39%
153,1159,0,looser,88,179,XL,93%,L,41%
154,1160,1,perfect,90,181,XL,70%,L,68%
155,1161,6,perfect,71,170,M,96%,S,43%
157,1163,1,perfect,74,166,M,96%,L,40%
158,1164,5,looser,92,179,XL,94%,L,39%
159,1165,3,tighter,78,170,M,94%,S,45%
160,1166,5,tighter,80,172,M,96%,L,38%
161,1167,9,looser,83,173,L,79%,XL,61%
162,1168,3,perfect,87,183,L,81%,XL,60%
163,1169,3,tighter,71,166,S,75%,M,65%
164,1170,6,tighter,73,166,M,72%,S,68%
165,1171,8,perfect,81,176,L,81%,M,49%
166,1172,4,looser,77,172,L,91%,M,40%
167,1173,4,looser,86,182,XL,84%,L,46%
168,1174,4,perfect,98,186,XL,93%,L,38%
170,1176,3,tighter,96,183,L,83%,XL,57%
171,1177,7,looser,87,174,XL,79%,L,59%
172,1180,6,looser,97,177,L,40%,M,15%
173,1181,8,looser,77,169,L,84%,M,46%
174,1182,4,perfect,92,185,XL,80%,L,50%
175,1183,4,looser,94,189,XL,92%,L,32%
176,1184,4,tighter,84,167,M,93%,L,39%
177,1185,0,perfect,73,169,M,96%,L,39%
178,1186,0,looser,82,173,L,83%,XL,52%
179,1187,4,tighter,86,176,M,68%,L,62%
180,1188,0,looser,70,165,M,92%,L,43%
181,1189,4,tighter,81,169,M,96%,L,36%
182,1190,1,perfect,90,173,L,85%,XL,53%
183,1191,2,tighter,76,175,M,95%,S,44%
184,1193,7,tighter,80,180,M,89%,L,48%
185,1194,3,perfect,83,180,L,95%,M,44%
186,1195,7,tighter,81,174,M,93%,L,44%
187,1196,7,looser,80,175,L,89%,XL,48%
188,1197,6,looser,84,169,L,82%,XL,58%
189,1198,2,perfect,88,174,L,91%,XL,49%
190,1199,3,looser,87,173,XL,83%,L,58%
191,1200,0,perfect,82,168,L,72%,M,63%
192,1201,4,looser,70,164,M,92%,L,39%
193,1202,5,looser,77,172,L,91%,M,42%
194,1203,4,tighter,67,164,S,86%,M,45%
195,1204,1,perfect,91,178,L,70%,XL,68%
196,1205,3,tighter,73,168,M,76%,S,64%
197,1206,2,perfect,83,183,L,94%,XL,46%
198,1207,9,perfect,71,164,M,91%,S,49%
200,1209,7,perfect,85,181,L,91%,XL,47%
201,1210,0,looser,71,166,M,87%,L,47%
202,1211,1,looser,76,172,L,88%,M,49%
203,1212,0,perfect,70,164,M,87%,S,48%
204,1213,5,perfect,86,176,L,93%,XL,41%
206,1216,0,perfect,80,174,L,74%,M,60%
207,1217,8,looser,89,176,XL,91%,L,40%
208,1218,8,tighter,95,184,L,81%,XL,49%
209,1219,7,perfect,91,176,L,74%,XL,64%
210,1220,2,looser,83,176,L,73%,XL,68%
211,1221,0,tighter,67,167,S,83%,M,52%
213,1223,2,tighter,72,168,M,72%,S,69%
214,1224,4,looser,81,168,L,93%,XL,39%
215,1225,7,perfect,88,179,L,83%,XL,55%
217,1227,2,looser,74,167,M,71%,L,69%
218,1228,8,perfect,90,175,L,77%,XL,53%
219,1229,9,looser,90,185,XL,93%,XXL,45%
220,1230,6,tighter,85,172,M,86%,L,54%
221,1231,9,tighter,86,177,M,71%,L,69%
222,1232,7,perfect,95,181,XL,86%,L,53%
223,1233,8,tighter,94,181,L,89%,XL,42%
224,1234,7,looser,81,175,L,85%,XL,53%
225,1235,6,tighter,76,172,M,93%,S,46%
226,1236,1,tighter,103,182,XL,80%,L,58%
227,1237,4,perfect,89,181,L,70%,XL,60%
229,1239,2,perfect,60,153,S,92%,M,42%
230,1240,1,tighter,85,178,M,73%,L,65%
231,1241,5,looser,86,182,XL,85%,L,49%
232,1242,3,perfect,83,179,L,94%,M,45%
234,1244,1,looser,78,157,L,69%,M,67%
235,1245,4,tighter,79,175,M,95%,L,37%
236,1246,2,tighter,94,181,L,92%,XL,47%
237,1247,2,perfect,92,179,XL,75%,L,65%
238,1248,1,tighter,69,165,S,82%,M,56%
239,1249,1,looser,88,172,XL,80%,L,58%
240,1250,8,perfect,79,174,L,66%,M,64%
241,1251,5,tighter,89,179,L,85%,M,48%
242,1252,1,looser,67,164,M,96%,S,41%
243,1253,6,perfect,80,180,L,88%,M,52%
245,1256,3,tighter,73,165,S,71%,M,69%
246,1257,6,looser,83,177,L,71%,XL,69%
247,1258,8,tighter,75,169,M,82%,S,48%
248,1259,0,tighter,74,170,M,83%,S,52%
249,1260,3,perfect,74,174,M,91%,L,49%
250,1261,4,looser,83,172,L,78%,XL,52%
251,1262,4,looser,74,168,L,67%,M,63%
252,1263,0,looser,87,178,XL,89%,L,45%
253,1264,3,perfect,87,174,L,93%,XL,46%
254,1265,4,looser,91,179,XL,93%,L,38%
255,1266,9,looser,99,190,XXL,87%,XL,52%
257,1268,4,perfect,77,167,M,89%,L,42%
258,1269,3,looser,76,169,L,84%,M,57%
259,1270,8,tighter,92,183,L,91%,XL,40%
260,1271,5,tighter,85,173,M,82%,L,51%
261,1272,9,perfect,80,176,L,81%,M,60%
262,1273,8,looser,85,178,XL,78%,L,52%
263,1274,4,looser,89,183,XL,92%,L,39%
264,1275,6,perfect,83,175,L,91%,M,49%
265,1276,6,perfect,74,170,M,94%,L,44%
266,1277,3,perfect,79,178,L,80%,M,61%
268,1279,8,tighter,92,179,L,91%,M,40%
269,1280,0,perfect,89,171,L,90%,XL,44%
270,1281,5,tighter,101,186,XL,78%,L,55%
271,1282,4,tighter,78,170,M,94%,S,38%
272,1283,3,looser,96,188,XXL,77%,XL,64%
273,1284,0,looser,78,175,L,94%,XL,41%
274,1286,1,looser,83,172,L,81%,XL,57%
276,1288,4,looser,85,176,XL,72%,L,58%
277,1289,7,perfect,82,173,L,84%,M,54%
278,1290,4,tighter,81,174,M,92%,L,39%
279,1291,9,tighter,87,177,L,74%,M,66%
280,1292,1,tighter,78,166,M,91%,S,47%
281,1293,9,looser,81,168,L,94%,XL,45%
282,1294,8,perfect,73,159,M,87%,S,43%
283,1295,1,perfect,79,170,M,77%,L,61%
284,1296,5,perfect,81,177,L,85%,M,48%
285,1297,2,perfect,80,171,L,71%,M,69%
286,1298,8,perfect,85,176,L,93%,XL,39%
287,1299,8,perfect,79,177,L,73%,M,57%
288,1300,0,perfect,71,171,M,96%,S,39%
291,1303,1,looser,86,180,XL,83%,L,55%
292,1304,9,perfect,99,180,XL,96%,XXL,42%
293,1305,6,perfect,83,173,L,88%,M,52%
294,1307,0,tighter,63,164,S,93%,M,42%
296,1309,5,perfect,79,173,M,68%,L,65%
297,1310,8,perfect,75,166,M,93%,L,38%
298,1311,4,looser,68,172,M,89%,L,42%
299,1312,6,looser,73,171,L,72%,M,68%
300,1313,9,looser,73,167,M,77%,L,63%
302,1315,9,looser,86,168,L,73%,XL,67%
303,1316,0,looser,78,172,L,93%,M,41%
304,1317,1,tighter,82,175,M,90%,L,47%
305,1318,6,perfect,102,199,XL,86%,L,34%
306,1319,4,looser,89,179,XL,89%,L,42%
307,1320,8,looser,87,178,XL,87%,L,43%
308,1321,1,tighter,79,172,M,97%,S,40%
309,1322,3,tighter,83,179,M,81%,L,60%
311,1324,1,looser,93,189,XL,95%,L,38%
312,1325,2,tighter,80,173,M,95%,L,43%
313,1326,6,perfect,101,192,XL,95%,L,39%
314,1327,7,perfect,83,180,L,95%,M,42%
315,1328,3,looser,91,179,XL,96%,XXL,43%
316,1329,7,tighter,105,193,XL,93%,L,44%
317,1330,2,perfect,86,176,L,93%,XL,46%
318,1331,9,tighter,87,176,L,72%,M,68%
319,1332,6,looser,88,176,XL,85%,L,55%
320,1334,5,looser,83,172,L,80%,XL,53%
321,1335,9,perfect,80,173,L,74%,M,66%
323,1337,0,looser,82,173,L,83%,XL,52%
324,1338,8,perfect,93,184,XL,86%,L,44%
325,1339,7,tighter,72,167,S,70%,M,68%
326,1340,1,looser,67,155,M,88%,S,50%
327,1341,3,tighter,71,173,M,78%,S,63%
328,1342,6,tighter,100,191,XL,84%,L,56%
329,1343,1,looser,82,168,L,91%,XL,44%
330,1344,9,looser,80,168,L,95%,M,44%
331,1345,4,perfect,80,172,L,68%,M,62%
332,1346,7,perfect,94,182,XL,84%,L,54%
333,1347,2,looser,90,175,XL,90%,L,50%
334,1348,3,perfect,83,173,L,88%,M,53%
335,1349,5,perfect,96,187,XL,92%,L,42%
336,1350,2,looser,87,174,XL,81%,L,60%
338,1352,1,perfect,76,169,M,91%,L,47%
339,1353,0,perfect,87,176,L,90%,XL,44%
340,1354,7,looser,82,170,L,89%,XL,49%
341,1355,9,perfect,90,183,XL,75%,L,65%
342,1356,0,looser,78,172,L,93%,M,41%
343,1357,3,looser,69,162,M,96%,L,43%
344,1358,5,tighter,77,167,M,89%,S,45%
345,1359,7,tighter,93,187,L,87%,XL,51%
347,1361,2,looser,85,170,L,74%,XL,66%
348,1362,8,perfect,87,180,L,81%,XL,48%
349,1363,1,looser,75,171,L,82%,M,56%
351,1365,2,perfect,79,164,M,88%,L,52%
352,1366,3,looser,75,170,L,81%,M,60%
353,1367,3,perfect,87,173,L,94%,XL,45%
354,1368,9,perfect,102,187,XL,81%,XXL,59%
355,1369,6,looser,79,168,L,93%,M,46%
356,1370,5,looser,79,171,L,95%,M,39%
357,1371,9,perfect,80,167,M,79%,L,61%
358,1372,0,perfect,95,182,XL,92%,L,43%
359,1373,4,tighter,70,165,S,76%,M,54%
361,1375,9,perfect,96,190,XL,95%,XXL,44%
363,1377,5,looser,70,165,M,92%,L,42%
364,1378,5,looser,74,172,L,77%,M,56%
365,1379,5,tighter,90,183,L,93%,M,41%
366,1380,5,perfect,88,176,L,87%,XL,46%
367,1381,0,tighter,79,164,M,90%,S,45%
368,1382,7,looser,84,170,L,80%,XL,58%
369,1383,8,looser,81,169,L,90%,XL,41%
370,1384,4,perfect,79,173,M,66%,L,64%
371,1385,7,perfect,79,178,L,79%,M,59%
372,1386,9,tighter,92,179,L,93%,M,45%
373,1387,0,tighter,89,177,L,81%,M,53%
374,1388,5,perfect,79,173,M,68%,L,65%
375,1389,5,perfect,78,170,M,81%,L,52%
376,1390,6,perfect,79,173,M,71%,L,69%
377,1391,6,looser,81,171,L,91%,XL,48%
378,1392,2,perfect,99,188,XL,95%,L,42%
379,1393,8,looser,81,175,L,81%,XL,49%
380,1394,1,perfect,84,173,L,91%,M,47%
381,1395,1,looser,84,175,XL,69%,L,67%
382,1396,8,looser,74,164,M,73%,L,57%
383,1397,4,perfect,97,185,XL,92%,L,39%
384,1398,2,perfect,94,181,XL,84%,L,57%
385,1399,0,perfect,85,178,L,93%,XL,42%
386,1400,8,perfect,89,180,L,72%,XL,58%
387,1401,3,looser,84,176,XL,73%,L,68%
388,1402,5,perfect,70,162,M,83%,S,50%
389,1403,8,perfect,91,179,XL,67%,L,63%
390,1404,6,perfect,63,161,S,84%,M,56%
391,1405,3,perfect,93,181,XL,85%,L,55%
392,1407,4,perfect,76,169,M,90%,L,41%
393,1408,0,looser,85,180,XL,85%,L,50%
394,1409,3,perfect,89,186,XL,77%,L,64%
395,1410,9,perfect,90,173,L,85%,XL,55%
396,1411,6,perfect,96,186,XL,92%,L,47%
397,1412,4,perfect,77,177,M,68%,L,62%
398,1413,1,tighter,72,164,S,74%,M,64%
400,1415,2,tighter,73,171,M,83%,S,58%
401,1416,8,tighter,79,171,M,94%,S,37%
402,1417,2,tighter,89,176,L,82%,M,59%
403,1418,8,looser,80,168,L,92%,M,39%
404,1419,5,perfect,80,174,L,74%,M,59%
405,1420,1,perfect,81,179,L,89%,M,48%
406,1421,9,perfect,73,168,M,96%,L,37%
407,1422,1,looser,79,173,L,94%,XL,43%
408,1423,9,tighter,101,183,XL,80%,L,60%
410,1425,4,tighter,73,171,M,80%,S,50%
411,1426,2,looser,85,174,XL,73%,L,67%
412,1427,2,tighter,83,174,M,89%,L,51%
413,1428,0,perfect,88,178,L,84%,XL,51%
414,1429,9,perfect,87,175,L,92%,XL,47%
417,1432,1,looser,80,171,L,93%,XL,44%
418,1433,3,perfect,90,175,L,82%,XL,59%
419,1434,0,perfect,83,177,L,92%,M,43%
420,1435,6,perfect,87,176,L,91%,XL,48%
421,1436,4,tighter,103,189,XL,87%,L,44%
422,1437,8,perfect,77,171,M,80%,L,49%
424,1439,3,tighter,91,184,L,95%,XL,44%
425,1440,4,perfect,91,173,L,78%,XL,52%
426,1441,7,looser,75,170,L,80%,M,58%
427,1442,6,tighter,88,188,L,94%,M,44%
429,1444,0,perfect,90,176,L,78%,XL,56%
430,1445,6,perfect,87,172,L,95%,XL,44%
431,1446,4,tighter,87,177,FALSE,0%,FALSE,0%
432,1447,5,tighter,93,177,L,93%,M,40%
433,1448,3,tighter,74,163,S,71%,M,69%
434,1449,8,tighter,83,164,M,95%,L,37%
435,1450,9,perfect,88,176,L,88%,XL,52%
436,1451,2,looser,87,172,XL,78%,L,63%
437,1452,1,tighter,91,179,L,92%,M,46%
438,1453,5,perfect,93,188,XL,87%,L,46%
439,1454,3,tighter,89,182,L,90%,M,50%
440,1455,9,tighter,82,170,M,95%,L,44%
441,1456,7,looser,78,171,L,93%,M,44%
442,1457,5,tighter,67,158,S,91%,M,42%
443,1458,6,perfect,96,182,XL,89%,L,50%
444,1459,6,perfect,80,173,L,74%,M,65%
446,1462,8,looser,97,183,XXL,68%,XL,62%
447,1463,6,looser,96,184,XL,93%,L,38%
449,1465,9,looser,95,180,XL,83%,XXL,57%
450,1466,3,tighter,89,179,L,86%,M,54%
451,1467,7,looser,77,168,L,86%,M,52%
452,1468,3,perfect,91,179,XL,72%,L,69%
453,1469,4,looser,74,169,L,70%,M,61%
454,1470,3,looser,86,178,XL,87%,L,54%
456,1472,6,looser,89,178,XL,90%,L,50%
457,1474,2,looser,94,183,XL,96%,L,40%
458,1475,7,looser,79,174,L,93%,XL,44%
459,1476,9,perfect,88,177,L,87%,XL,53%
460,1477,6,looser,87,176,XL,82%,L,57%
461,1478,7,looser,80,174,L,91%,XL,47%
462,1479,4,looser,86,174,XL,73%,L,57%
463,1480,3,perfect,97,188,XL,95%,XXL,44%
464,1481,8,looser,97,183,XXL,68%,XL,62%
466,1483,3,tighter,81,174,M,93%,L,46%
467,1484,9,looser,78,165,L,86%,M,54%
468,1485,4,perfect,97,191,XL,94%,L,37%
469,1486,1,looser,89,178,XL,89%,L,48%
470,1487,0,looser,99,186,XXL,82%,XL,52%
471,1488,2,tighter,94,186,L,86%,XL,55%
472,1489,2,tighter,77,165,M,87%,S,53%
473,1490,6,perfect,101,189,XL,96%,L,40%
474,1491,9,perfect,93,175,XL,74%,L,66%
475,1492,6,looser,86,177,XL,80%,L,60%
476,1493,0,looser,79,170,L,94%,M,41%
477,1494,6,perfect,96,187,XL,92%,L,46%
478,1495,4,tighter,81,179,M,86%,L,45%
479,1496,9,looser,94,184,XL,80%,XXL,60%
480,1497,7,tighter,85,176,M,77%,L,61%
481,1498,5,looser,91,177,XL,92%,L,42%
482,1499,2,tighter,83,169,M,94%,L,45%
483,1500,6,looser,89,174,XL,86%,L,54%
485,1502,5,tighter,95,182,L,87%,XL,46%
486,1503,1,tighter,98,191,XL,78%,L,60%
487,1504,1,tighter,72,161,S,78%,M,60%
488,1505,5,perfect,83,175,L,90%,M,44%
489,1506,6,tighter,87,180,L,80%,M,59%
490,1510,9,tighter,82,172,M,93%,L,46%
491,1511,4,tighter,83,172,M,90%,L,41%
493,1513,4,looser,77,166,L,82%,M,49%
494,1514,3,tighter,98,187,XL,75%,L,66%
495,1515,7,tighter,88,182,L,87%,M,51%
497,1517,4,perfect,71,164,M,90%,S,41%
498,1518,0,perfect,63,159,S,85%,M,50%
499,1519,0,perfect,86,175,L,93%,XL,41%
500,1520,9,looser,91,177,XL,96%,XXL,42%
501,1521,5,looser,77,171,L,90%,M,43%
502,1522,8,looser,91,186,XL,86%,XXL,44%
503,1523,5,tighter,89,177,L,81%,M,52%
504,1524,7,perfect,101,180,XL,94%,L,42%
505,1525,9,looser,84,171,L,78%,XL,62%
506,1526,9,tighter,86,180,L,76%,M,64%
507,1527,9,tighter,93,178,L,94%,M,44%
508,1528,9,tighter,88,179,L,82%,M,58%
509,1529,6,looser,85,176,L,95%,M,40%
510,1530,2,looser,68,165,M,96%,L,43%
511,1531,1,looser,93,184,XL,96%,L,39%
512,1532,0,perfect,80,175,L,77%,M,58%
514,1534,4,perfect,103,192,XL,90%,L,31%
515,1535,3,perfect,89,183,L,70%,XL,68%
516,1536,3,tighter,81,169,M,96%,L,42%
517,1537,3,perfect,72,161,M,90%,S,50%
519,1539,2,looser,90,176,XL,90%,L,49%
520,1540,0,looser,91,184,XL,91%,XXL,43%
521,1541,8,tighter,93,187,L,83%,XL,47%
522,1542,3,tighter,73,167,M,74%,S,67%
523,1543,2,looser,72,169,M,78%,L,62%
524,1544,6,perfect,90,173,L,86%,XL,54%
525,1545,4,looser,95,186,XL,93%,L,32%
526,1546,2,tighter,66,160,S,92%,M,47%
527,1547,8,looser,86,172,XL,71%,L,59%
528,1548,6,looser,93,189,XL,95%,L,39%
529,1549,8,tighter,77,164,M,81%,S,49%
530,1550,3,looser,82,180,L,70%,XL,68%
531,1551,3,perfect,81,171,L,75%,M,65%
532,1552,7,tighter,76,171,M,91%,S,46%
533,1553,7,perfect,90,179,L,73%,XL,65%
534,1554,4,tighter,86,174,M,73%,L,57%
535,1555,8,looser,95,180,XL,78%,XXL,52%
536,1556,7,looser,83,170,L,85%,XL,53%
537,1557,3,tighter,79,179,M,93%,L,47%
538,1558,5,tighter,90,175,L,82%,M,52%
539,1559,9,perfect,91,186,XL,86%,L,54%
540,1560,9,looser,90,181,XL,96%,XXL,43%
541,1561,6,perfect,82,177,L,90%,M,49%
542,1562,2,tighter,94,189,L,80%,XL,61%
543,1563,2,tighter,75,172,M,91%,S,49%
544,1564,5,looser,84,182,XL,78%,L,55%
546,1566,2,looser,78,172,L,94%,M,45%
547,1567,2,perfect,73,169,M,96%,L,42%
548,1568,0,tighter,81,178,M,88%,L,46%
549,1569,3,tighter,107,194,XL,91%,XXL,48%
550,1570,8,perfect,74,167,M,94%,L,37%
551,1571,4,looser,68,167,M,94%,L,37%
552,1572,1,looser,90,182,XL,93%,L,44%
553,1573,4,perfect,88,175,L,88%,XL,43%
554,1574,9,looser,97,186,XXL,77%,XL,63%
555,1575,1,tighter,87,175,M,70%,L,68%
556,1576,2,looser,91,182,XL,95%,L,44%
557,1578,6,tighter,57,154,S,88%,M,35%
558,1579,9,tighter,81,175,M,92%,L,47%
559,1580,9,looser,84,173,L,74%,XL,66%
560,1581,4,perfect,89,180,L,72%,XL,58%
561,1582,5,tighter,89,182,L,90%,M,44%
562,1583,1,tighter,84,177,M,80%,L,58%
563,1584,6,looser,92,182,L,67%,M,25%
564,1585,5,looser,87,180,XL,85%,L,48%
565,1586,5,perfect,92,183,XL,78%,L,55%
566,1587,8,perfect,78,168,M,82%,L,48%
567,1588,4,tighter,82,173,M,91%,L,40%
568,1589,3,looser,98,183,XXL,77%,XL,64%
569,1591,2,perfect,92,179,XL,75%,L,65%
570,1592,2,looser,85,182,XL,84%,L,57%
571,1593,4,tighter,96,181,L,84%,XL,46%
572,1594,3,tighter,78,167,M,92%,S,48%
573,1595,6,perfect,90,179,L,74%,XL,66%
574,1596,5,perfect,97,180,XL,88%,L,45%
575,1597,6,perfect,71,169,M,95%,S,43%
576,1598,8,tighter,75,165,M,74%,S,56%
577,1599,8,looser,82,177,L,72%,XL,58%
578,1600,5,perfect,95,182,XL,85%,L,48%
579,1602,3,looser,79,175,L,92%,XL,47%
580,1603,1,tighter,78,165,M,90%,S,48%
581,1604,6,tighter,81,184,M,79%,L,60%
582,1605,0,tighter,85,184,L,78%,M,57%
583,1606,3,tighter,80,169,M,96%,S,43%
584,1607,8,tighter,65,158,S,97%,M,35%
585,1608,0,tighter,73,172,M,82%,S,52%
587,1610,7,looser,76,172,L,88%,M,49%
588,1611,8,perfect,115,194,XXL,94%,XL,36%
589,1613,8,tighter,75,171,M,85%,S,45%
590,1614,5,tighter,90,177,L,85%,M,48%
591,1615,6,perfect,76,166,M,94%,L,45%
592,1616,1,tighter,77,174,M,95%,S,42%
593,1618,6,tighter,83,175,M,91%,L,47%
594,1619,6,looser,95,189,XL,91%,L,36%
595,1621,2,perfect,75,173,M,89%,L,51%
596,1622,8,perfect,94,180,XL,83%,L,46%
597,1623,2,perfect,92,177,XL,72%,L,68%
600,1626,4,perfect,102,188,XL,95%,L,34%
601,1627,1,looser,77,174,L,93%,M,44%
602,1628,3,looser,86,175,XL,82%,L,59%
603,1629,7,tighter,78,174,M,96%,S,40%
605,1631,0,looser,86,181,XL,90%,L,45%
606,1632,7,tighter,87,179,L,78%,M,60%
607,1633,5,looser,84,173,L,71%,XL,62%
609,1635,0,tighter,95,176,L,94%,XL,41%
610,1636,6,perfect,94,189,XL,91%,L,48%
611,1637,6,looser,88,183,XL,91%,L,48%
612,1638,8,tighter,93,185,L,86%,XL,44%
613,1639,2,tighter,79,172,M,97%,S,42%
614,1640,3,looser,85,171,L,73%,XL,68%
615,1641,7,looser,87,179,XL,85%,L,53%
616,1642,9,perfect,79,170,M,78%,L,62%
617,1644,1,perfect,71,167,M,94%,S,44%
618,1645,3,perfect,77,163,M,94%,L,45%
619,1646,1,looser,81,171,L,91%,XL,47%
620,1648,1,perfect,85,173,L,93%,M,44%
621,1649,9,looser,80,171,L,93%,XL,46%
622,1650,5,tighter,73,166,M,68%,S,65%
623,1651,1,looser,69,171,M,89%,L,49%
624,1652,2,perfect,58,158,S,94%,M,44%
625,1653,3,tighter,84,171,M,90%,L,50%
626,1654,5,tighter,87,176,L,69%,M,65%
627,1655,8,perfect,92,177,XL,68%,L,62%
628,1656,1,tighter,89,174,L,76%,M,62%
629,1657,5,perfect,86,180,L,88%,XL,45%
630,1658,8,perfect,93,181,XL,81%,L,49%
631,1659,7,tighter,72,168,M,70%,S,68%
632,1660,7,looser,85,175,XL,73%,L,65%
633,1661,3,perfect,76,172,M,87%,L,53%
634,1662,9,tighter,84,178,M,78%,L,62%
635,1663,1,tighter,90,180,L,90%,M,47%
636,1664,7,looser,84,178,XL,74%,L,64%
637,1665,1,looser,74,168,L,70%,M,68%
638,1666,5,looser,80,178,L,84%,XL,49%
640,1668,5,looser,84,176,XL,69%,L,65%
641,1669,7,tighter,90,175,L,83%,M,55%
642,1670,8,looser,92,182,XL,88%,XXL,43%
643,1671,2,perfect,90,174,L,84%,XL,57%
644,1672,5,perfect,101,177,XL,93%,L,40%
645,1673,6,perfect,89,180,L,77%,XL,63%
646,1674,1,looser,76,170,L,85%,M,53%
647,1675,4,looser,78,171,L,93%,M,39%
648,1676,2,tighter,96,180,L,88%,XL,52%
649,1677,4,perfect,78,169,M,81%,L,49%
650,1678,0,looser,84,173,L,72%,XL,63%
651,1679,1,perfect,73,168,M,97%,L,40%
652,1680,0,perfect,70,167,M,91%,S,44%
653,1681,7,perfect,71,163,M,90%,S,48%
654,1682,1,looser,69,167,M,93%,L,44%
655,1683,2,looser,79,177,L,90%,XL,50%
656,1684,1,tighter,88,175,L,74%,M,64%
657,1685,5,perfect,87,179,L,86%,XL,47%
658,1686,7,looser,94,186,XL,95%,L,38%
660,1688,7,looser,91,187,XL,95%,L,40%
661,1689,2,looser,95,186,XL,94%,L,38%
663,1691,3,looser,94,183,XL,82%,XXL,58%
664,1692,7,looser,78,180,L,90%,XL,48%
665,1693,4,tighter,92,182,L,94%,XL,38%
666,1694,3,tighter,85,169,M,90%,L,50%
667,1695,0,perfect,65,161,S,76%,M,58%
668,1696,7,looser,84,179,XL,78%,L,59%
669,1697,8,looser,104,192,XXL,94%,XL,37%
670,1698,3,tighter,82,173,M,92%,L,47%
671,1699,8,looser,86,178,XL,83%,L,47%
672,1700,8,tighter,87,181,L,78%,M,52%
673,1701,3,tighter,91,182,L,94%,M,45%
674,1702,0,tighter,93,189,L,83%,XL,52%
675,1703,0,looser,78,169,L,90%,M,44%
676,1704,7,tighter,83,172,M,91%,L,46%
677,1705,4,tighter,75,173,M,91%,S,40%
678,1706,9,looser,91,183,XL,93%,XXL,46%
679,1707,0,perfect,73,169,M,96%,L,39%
680,1708,6,perfect,81,165,M,84%,L,55%
681,1709,2,tighter,78,173,M,96%,S,42%
682,1710,4,perfect,89,178,L,77%,XL,53%
684,1712,4,tighter,91,184,L,94%,XL,37%
685,1713,0,perfect,85,179,L,92%,XL,42%
686,1714,4,tighter,77,175,M,96%,S,36%
687,1715,8,perfect,81,167,M,69%,L,61%
688,1716,5,looser,60,154,S,82%,M,51%
689,1717,7,looser,76,167,L,80%,M,58%
690,1718,4,tighter,89,176,L,79%,M,51%
691,1719,5,looser,86,179,XL,81%,L,52%
692,1720,4,perfect,72,164,M,93%,S,39%
693,1721,8,looser,76,169,L,79%,M,50%
694,1722,5,tighter,86,180,L,73%,M,60%
695,1723,4,tighter,78,171,M,95%,S,37%
696,1724,8,looser,81,173,L,85%,XL,45%
697,1725,1,looser,84,170,L,80%,XL,58%
698,1726,0,tighter,79,172,M,96%,S,39%
699,1727,7,tighter,97,180,L,85%,XL,54%
700,1728,5,tighter,75,166,M,79%,S,54%
701,1729,8,perfect,79,174,L,66%,M,64%
702,1730,3,perfect,91,183,XL,80%,L,60%
703,1731,7,perfect,97,177,XL,86%,L,52%
704,1732,5,perfect,76,168,M,91%,L,42%
705,1733,9,tighter,78,171,M,95%,S,44%
706,1734,9,perfect,84,180,L,94%,XL,45%
707,1735,3,perfect,77,167,M,90%,L,49%
709,1737,9,looser,92,177,XL,95%,XXL,43%
710,1738,4,looser,92,183,XL,68%,L,36%
711,1739,9,tighter,81,171,M,95%,L,43%
712,1740,3,looser,85,177,XL,81%,L,60%
713,1741,1,perfect,78,169,M,84%,L,54%
715,1743,7,tighter,82,175,M,90%,L,47%
716,1744,2,looser,91,174,XL,91%,L,49%
717,1745,3,perfect,85,173,L,93%,M,46%
718,1746,6,perfect,74,171,M,94%,L,45%
719,1747,1,tighter,86,173,M,79%,L,59%
720,1748,0,tighter,87,180,L,78%,M,56%
721,1749,6,looser,87,179,XL,86%,L,54%
722,1750,3,tighter,95,180,L,91%,XL,49%
724,1753,3,looser,78,171,L,93%,M,46%
725,1754,4,tighter,87,179,L,76%,M,55%
726,1755,9,perfect,93,182,XL,87%,L,53%
727,1757,5,tighter,89,179,L,85%,M,48%
729,1759,5,tighter,85,178,M,71%,L,62%
731,1761,2,looser,74,172,L,81%,M,60%
732,1762,5,perfect,68,160,M,67%,S,65%
733,1763,2,tighter,78,169,M,94%,S,45%
734,1764,4,perfect,78,167,M,85%,L,45%
735,1765,9,tighter,74,164,M,72%,S,68%
737,1767,4,tighter,85,177,M,71%,L,59%
738,1768,4,looser,66,163,M,93%,S,38%
739,1769,7,looser,100,184,XL,74%,L,28%
740,1770,9,tighter,85,177,M,76%,L,64%
742,1772,2,tighter,86,176,M,73%,L,68%
743,1773,0,looser,86,176,XL,82%,L,52%
745,1776,6,perfect,80,171,M,70%,L,68%
746,1777,5,perfect,96,186,XL,91%,L,42%
747,1778,7,perfect,91,180,XL,72%,L,66%
748,1779,1,looser,101,189,XL,42%,L,15%
749,1780,0,perfect,85,173,L,92%,M,42%
750,1781,9,looser,93,177,XL,93%,XXL,45%
751,1782,4,looser,79,170,L,94%,M,37%
752,1783,4,looser,86,172,XL,70%,L,60%
753,1784,9,perfect,98,180,XL,96%,L,42%
754,1785,0,perfect,86,180,L,88%,XL,46%
755,1786,5,perfect,98,189,XL,95%,L,38%
757,1788,5,perfect,82,179,L,91%,M,42%
758,1789,7,tighter,82,172,M,93%,L,44%
760,1791,5,looser,79,172,L,94%,XL,39%
761,1793,5,looser,90,174,XL,87%,L,46%
762,1794,6,perfect,81,172,L,78%,M,62%
763,1795,9,perfect,96,187,XL,96%,XXL,42%
764,1796,6,perfect,77,171,M,85%,L,55%
765,1797,8,looser,96,187,XXL,70%,XL,60%
766,1798,0,perfect,76,168,M,91%,L,43%
767,1799,6,tighter,89,183,L,92%,M,47%
768,1800,8,tighter,92,181,L,92%,M,39%
769,1801,2,looser,89,179,XL,91%,L,49%
770,1802,5,perfect,74,167,M,96%,L,38%
771,1803,3,perfect,91,182,XL,79%,L,62%
772,1804,4,tighter,90,180,L,90%,M,41%
773,1805,6,tighter,84,177,M,80%,L,59%
774,1806,3,looser,89,178,XL,95%,L,44%
776,1808,8,perfect,82,169,L,71%,M,59%
777,1809,2,looser,82,167,L,92%,XL,47%
778,1810,8,looser,76,174,L,87%,M,43%
779,1811,5,tighter,83,173,M,89%,L,44%
780,1812,3,tighter,76,173,M,93%,S,46%
781,1815,4,tighter,78,174,M,96%,S,36%
782,1816,3,tighter,90,183,L,93%,M,46%
783,1817,2,looser,87,180,XL,87%,L,53%
784,1818,0,looser,93,184,XL,84%,XXL,51%
785,1819,0,tighter,88,178,L,79%,M,56%
786,1820,1,tighter,97,183,L,79%,XL,59%
787,1821,9,tighter,99,183,XL,70%,L,68%
788,1822,1,tighter,79,177,M,94%,L,43%
789,1823,1,tighter,85,175,M,80%,L,59%
790,1824,9,looser,69,163,M,96%,L,43%
791,1825,5,tighter,84,176,M,80%,L,53%
792,1826,1,tighter,77,164,M,85%,S,53%
793,1827,8,looser,94,181,XL,81%,XXL,49%
794,1828,0,perfect,78,174,M,72%,L,63%
795,1829,6,looser,71,171,M,80%,L,60%
796,1830,8,tighter,91,176,L,84%,M,46%
797,1831,8,looser,79,168,L,90%,M,41%
798,1832,7,perfect,80,172,L,71%,M,67%
799,1833,9,perfect,78,172,M,78%,L,62%
800,1834,8,looser,75,168,L,72%,M,58%
801,1835,2,perfect,88,179,L,83%,XL,57%
802,1836,0,tighter,86,173,M,78%,L,57%
803,1837,0,looser,89,179,XL,95%,L,40%
805,1839,0,tighter,94,181,L,91%,XL,43%
806,1840,2,perfect,73,165,M,96%,S,43%
807,1841,9,perfect,78,168,M,86%,L,54%
808,1842,0,perfect,91,182,XL,76%,L,58%
810,1844,4,tighter,81,177,M,89%,L,42%
811,1845,5,tighter,90,185,L,94%,M,39%
812,1846,9,perfect,77,174,M,79%,L,61%
813,1847,3,looser,82,177,L,77%,XL,64%
814,1848,2,tighter,75,166,M,82%,S,59%
815,1849,5,tighter,79,174,M,96%,L,38%
816,1850,5,looser,71,168,M,84%,L,49%
818,1852,1,perfect,78,172,M,78%,L,60%
819,1853,3,perfect,95,182,XL,93%,L,47%
820,1854,7,perfect,88,180,L,81%,XL,57%
821,1855,7,looser,99,184,XL,81%,L,31%
822,1856,9,tighter,93,180,L,94%,XL,44%
823,1857,9,tighter,99,178,L,80%,XL,60%
824,1858,4,tighter,94,181,L,91%,XL,40%
825,1859,3,tighter,101,192,XL,93%,L,47%
826,1860,1,perfect,89,181,L,74%,XL,64%
827,1861,3,perfect,72,169,M,96%,S,43%
828,1862,5,perfect,91,180,XL,69%,L,64%
829,1863,1,tighter,87,179,L,78%,M,60%
830,1865,8,tighter,66,162,S,94%,M,37%
832,1867,9,perfect,84,170,L,87%,M,53%
833,1868,8,tighter,73,168,M,71%,S,59%
834,1869,0,perfect,90,177,L,76%,XL,59%
836,1871,3,looser,83,170,L,85%,XL,56%
837,1872,2,tighter,91,181,L,94%,M,45%
838,1873,6,tighter,91,176,L,88%,M,51%
839,1874,9,tighter,88,174,L,72%,M,68%
840,1875,8,perfect,81,176,L,81%,M,49%
841,1876,5,tighter,84,175,M,82%,L,51%
842,1877,7,looser,84,174,L,70%,XL,67%
843,1878,9,looser,71,164,M,91%,L,49%
844,1879,4,tighter,76,170,M,90%,S,41%
845,1880,2,looser,83,175,L,75%,XL,66%
846,1881,0,perfect,71,162,M,87%,S,47%
847,1882,2,tighter,68,170,S,78%,M,62%
849,1884,5,tighter,84,180,M,71%,L,62%
850,1885,1,perfect,98,185,XL,94%,L,43%
851,1886,9,tighter,92,188,L,89%,XL,51%
852,1887,7,tighter,85,178,M,73%,L,65%
853,1888,7,looser,95,181,XL,95%,L,39%
854,1889,3,looser,77,174,L,93%,M,46%
856,1891,3,tighter,95,182,L,88%,XL,52%
857,1892,3,looser,88,174,XL,89%,L,51%
858,1893,7,tighter,78,169,M,94%,S,44%
859,1894,8,perfect,88,185,L,66%,XL,64%
860,1895,5,looser,92,186,XL,95%,L,37%
861,1896,6,tighter,89,182,L,91%,M,49%
862,1898,8,looser,95,180,XL,78%,XXL,52%
863,1899,9,looser,103,183,XXL,90%,XL,49%
864,1900,6,tighter,95,183,L,87%,XL,53%
865,1901,4,looser,86,173,XL,72%,L,59%
866,1902,6,tighter,77,172,M,94%,S,44%
868,1904,1,tighter,87,174,M,70%,L,64%
869,1905,1,looser,96,181,XL,95%,L,38%
870,1906,2,tighter,93,181,L,94%,XL,45%
871,1907,6,tighter,89,182,L,91%,M,49%
872,1908,7,looser,93,183,XL,96%,L,40%
873,1909,8,looser,82,178,L,70%,XL,60%
874,1910,9,tighter,83,173,M,90%,L,49%
875,1911,1,perfect,74,169,M,95%,L,42%
876,1912,2,perfect,72,171,M,96%,L,42%
877,1913,7,looser,84,177,XL,72%,L,66%
878,1914,6,looser,78,171,L,93%,M,45%
880,1916,8,tighter,61,156,S,97%,XS,35%
881,1917,1,tighter,99,186,XL,74%,L,64%
882,1918,6,looser,76,163,L,72%,M,68%
883,1919,3,tighter,86,176,M,73%,L,67%
885,1921,9,tighter,70,160,S,85%,M,55%
886,1922,1,looser,76,171,L,87%,M,51%
887,1923,0,perfect,104,196,XXL,80%,XL,55%
888,1924,7,tighter,79,176,M,95%,L,42%
889,1925,4,tighter,83,180,M,75%,L,56%
890,1926,7,perfect,83,172,L,86%,M,52%
891,1927,2,perfect,82,175,L,88%,M,52%
892,1928,2,looser,101,190,XL,42%,L,15%
893,1929,9,looser,66,166,M,95%,S,43%
894,1930,8,perfect,73,171,M,93%,L,38%
895,1931,2,perfect,78,167,M,87%,L,53%
896,1932,4,tighter,77,171,M,93%,S,38%
897,1933,6,tighter,81,177,M,91%,L,48%
898,1934,4,perfect,86,181,L,86%,XL,45%
899,1935,1,perfect,88,181,L,79%,XL,59%
900,1936,2,perfect,73,165,M,96%,S,43%
901,1937,5,perfect,91,181,XL,71%,L,62%
902,1938,2,perfect,80,170,M,72%,L,69%
903,1939,3,tighter,63,162,S,94%,M,45%
904,1940,9,looser,87,180,XL,92%,L,47%
905,1941,6,perfect,82,173,L,84%,M,56%
906,1942,6,perfect,80,174,L,77%,M,63%
907,1943,9,perfect,50,152,S,81%,M,32%
908,1944,4,perfect,84,173,L,90%,M,41%
909,1945,4,looser,77,173,L,92%,M,39%
910,1946,5,tighter,99,190,XL,78%,L,56%
911,1947,5,tighter,89,173,L,72%,M,61%
912,1948,6,tighter,71,165,S,77%,M,63%
913,1949,8,perfect,94,179,XL,82%,L,48%
914,1950,5,tighter,102,189,XL,85%,L,48%
915,1951,2,tighter,69,158,S,89%,M,51%
916,1952,4,tighter,73,169,M,75%,S,55%
917,1953,0,tighter,88,178,L,79%,M,56%
918,1954,8,perfect,82,180,L,90%,M,41%
919,1955,3,looser,108,193,XXL,94%,XL,38%
921,1959,7,tighter,77,176,M,96%,S,41%
922,1960,5,perfect,98,186,XL,94%,L,40%
923,1961,6,looser,75,168,L,77%,M,63%
924,1962,9,looser,95,182,XL,79%,XXL,61%
925,1963,6,tighter,77,170,M,93%,S,46%
926,1964,3,tighter,82,174,M,91%,L,48%
927,1965,8,perfect,87,179,L,83%,XL,47%
928,1966,8,tighter,86,177,M,66%,L,64%
929,1967,3,looser,77,171,L,91%,M,49%
930,1968,3,perfect,85,175,L,95%,M,44%
932,1971,8,tighter,68,168,S,82%,M,48%
933,1972,5,looser,78,171,L,93%,M,41%
934,1973,0,tighter,89,172,L,70%,M,65%
935,1975,4,perfect,89,180,L,72%,XL,58%
936,1976,1,perfect,91,183,XL,76%,L,62%
937,1977,6,tighter,81,171,M,96%,L,43%
939,1979,1,looser,84,172,L,74%,XL,60%
940,1980,9,perfect,72,160,M,89%,S,51%
941,1981,3,looser,84,179,XL,79%,L,61%
942,1983,8,perfect,75,168,M,91%,L,40%
943,1984,5,looser,82,178,L,72%,XL,61%
944,1985,8,perfect,82,171,L,76%,M,54%
946,1989,8,tighter,96,181,L,82%,XL,47%
947,1990,7,perfect,91,183,XL,76%,L,62%
948,1991,4,perfect,74,171,M,93%,L,39%
949,1992,5,perfect,68,161,M,70%,S,63%
950,1993,2,looser,94,183,XL,96%,L,40%
951,1994,2,looser,77,166,L,84%,M,56%
952,1995,2,perfect,68,162,M,76%,S,64%
953,1996,5,looser,82,169,L,89%,XL,44%
954,1997,1,looser,97,184,XL,91%,L,35%
955,1998,4,perfect,89,170,L,91%,XL,40%
956,1999,5,tighter,86,176,M,70%,L,63%
957,2000,4,tighter,78,165,M,89%,S,42%
