user_id,product_id,fit_preferences,weight,height,size_1,percentage_1,size_2,percentage_21
3001,7,tighter,85,172,M,85%,L,53%
3002,7,tighter,82,172,M,93%,L,44%
3003,6,tighter,74,168,M,81%,S,59%
3004,9,tighter,90,176,L,85%,M,55%
3006,1,looser,87,173,XL,78%,L,60%
3007,4,tighter,95,191,L,66%,XL,64%
3008,8,perfect,84,172,L,86%,M,44%
3009,5,perfect,79,172,M,70%,L,63%
3010,9,perfect,73,168,M,96%,L,42%
3011,9,perfect,73,164,M,95%,S,44%
3012,0,tighter,81,176,M,91%,L,44%
3014,4,looser,76,171,L,86%,M,45%
3015,4,tighter,85,176,M,74%,L,56%
3016,5,tighter,94,184,L,88%,XL,46%
3017,4,looser,82,171,L,86%,XL,45%
3018,1,looser,88,177,XL,86%,L,52%
3019,3,tighter,97,182,L,81%,XL,59%
3020,8,perfect,76,165,M,92%,L,39%
3021,1,tighter,66,152,S,88%,M,38%
3024,6,perfect,95,186,XL,90%,L,49%
3025,4,perfect,81,174,L,79%,M,51%
3026,8,perfect,94,188,XL,93%,L,38%
3027,9,tighter,78,171,M,95%,S,44%
3028,4,looser,85,173,XL,67%,L,63%
3029,7,tighter,84,176,M,82%,L,56%
3030,3,looser,69,174,M,84%,L,56%
3031,7,tighter,80,169,M,96%,S,41%
3032,5,looser,83,175,L,73%,XL,60%
3033,3,tighter,80,170,M,96%,S,42%
3034,8,tighter,73,165,S,66%,M,64%
3035,7,looser,95,181,XL,95%,L,39%
3036,4,perfect,78,174,M,69%,L,61%
3037,2,perfect,88,177,L,87%,XL,54%
3038,6,looser,97,187,XL,87%,L,34%
3039,5,looser,82,175,L,79%,XL,54%
3040,8,looser,87,174,XL,80%,L,50%
3042,3,perfect,80,167,M,79%,L,62%
3043,9,perfect,70,164,M,86%,S,47%
3044,7,looser,86,178,XL,81%,L,57%
3045,1,perfect,89,181,L,74%,XL,64%
3046,6,looser,82,180,L,70%,XL,68%
3047,6,tighter,71,165,S,77%,M,63%
3048,3,perfect,83,176,L,91%,M,48%
3049,0,perfect,89,178,L,79%,XL,56%
3050,5,perfect,83,173,L,87%,M,46%
3051,5,tighter,74,175,M,90%,S,43%
3052,4,perfect,85,179,L,92%,XL,39%
3053,8,perfect,89,176,L,80%,XL,50%
3054,0,looser,86,177,XL,84%,L,51%
3055,0,looser,81,171,L,90%,XL,45%
3056,8,perfect,75,163,M,95%,L,37%
3057,6,perfect,86,169,L,92%,M,47%
3058,4,perfect,90,178,L,71%,XL,59%
3059,2,looser,76,169,L,85%,M,56%
3062,4,perfect,98,175,XL,85%,L,45%
3063,0,looser,88,177,XL,91%,L,43%
3064,2,tighter,81,177,M,91%,L,49%
3065,9,tighter,81,175,M,92%,L,47%
3066,0,tighter,92,179,L,93%,M,42%
3067,1,looser,82,175,L,80%,XL,58%
3068,2,perfect,82,173,L,85%,M,56%
3069,8,looser,86,178,XL,83%,L,47%
3070,0,looser,87,183,XL,94%,L,40%
3071,1,perfect,90,181,XL,70%,L,68%
3072,4,tighter,80,174,M,94%,L,37%
3073,6,tighter,73,168,M,76%,S,64%
3074,7,tighter,93,175,L,92%,M,45%
3075,7,perfect,83,174,L,89%,M,49%
3076,9,perfect,96,183,XL,95%,L,43%
3077,1,tighter,77,166,M,88%,S,50%
3078,6,tighter,94,179,L,94%,XL,45%
3079,3,looser,94,182,XL,84%,XXL,57%
3080,6,tighter,96,180,L,88%,XL,51%
3081,3,looser,86,177,XL,85%,L,55%
3082,7,perfect,90,176,L,80%,XL,59%
3083,4,looser,89,183,XL,92%,L,39%
3084,5,tighter,86,167,M,89%,L,45%
3085,9,looser,75,167,L,75%,M,66%
3086,7,tighter,92,179,L,94%,M,44%
3087,3,perfect,75,165,M,96%,L,43%
3088,4,looser,96,178,XL,95%,L,34%
3089,1,looser,66,162,M,93%,S,45%
3090,6,tighter,80,169,M,96%,S,42%
3091,8,perfect,108,188,XXL,79%,XL,51%
3092,7,looser,95,175,XL,95%,L,41%
3093,5,tighter,88,177,L,76%,M,57%
3094,2,tighter,76,171,M,92%,S,47%
3095,4,perfect,96,189,XL,93%,L,38%
3096,7,tighter,81,178,M,89%,L,49%
3097,5,perfect,80,174,L,74%,M,59%
3098,3,looser,80,172,L,93%,XL,47%
3099,2,tighter,90,179,L,90%,M,50%
3100,7,perfect,85,178,L,94%,XL,44%
3101,8,tighter,86,176,M,68%,L,62%
3102,6,looser,87,180,XL,87%,L,53%
3103,0,looser,71,162,M,92%,L,43%
3104,7,tighter,90,179,L,89%,M,49%
3106,6,looser,82,173,L,92%,M,45%
3107,2,tighter,79,170,M,96%,S,43%
3108,3,tighter,81,169,M,96%,L,42%
3109,9,perfect,82,177,L,90%,M,50%
3110,3,tighter,70,169,S,74%,M,66%
3111,9,perfect,92,179,XL,77%,L,63%
3112,5,perfect,73,163,M,94%,S,40%
3113,3,tighter,65,165,S,90%,M,50%
3114,6,tighter,80,173,M,96%,L,43%
3115,6,looser,93,182,XL,96%,L,41%
3116,9,tighter,83,174,M,89%,L,51%
3117,5,looser,84,180,XL,75%,L,58%
3118,0,looser,87,180,XL,92%,L,43%
3119,1,perfect,93,182,XL,81%,L,57%
3120,4,looser,73,166,M,76%,L,55%
3122,4,perfect,82,178,L,90%,M,41%
3123,4,tighter,74,169,M,80%,S,50%
3124,3,looser,91,184,XL,92%,XXL,48%
3125,9,tighter,87,180,L,80%,M,60%
3126,3,tighter,77,173,M,95%,S,44%
3127,4,looser,90,181,XL,92%,L,39%
3128,7,perfect,86,174,L,95%,XL,42%
3129,3,perfect,87,176,L,91%,XL,49%
3131,2,tighter,83,174,M,89%,L,51%
3132,6,perfect,81,168,M,71%,L,68%
3133,4,perfect,96,178,XL,83%,L,47%
3134,6,perfect,90,183,XL,73%,L,67%
3135,6,looser,85,178,XL,78%,L,62%
3137,2,tighter,79,173,M,96%,L,42%
3138,1,tighter,93,177,L,94%,M,43%
3139,1,tighter,93,186,L,89%,XL,49%
3140,8,tighter,70,161,S,86%,M,44%
3141,6,perfect,58,158,S,95%,M,42%
3142,6,looser,90,183,L,80%,M,30%
3143,6,tighter,100,188,XL,80%,L,60%
3145,5,perfect,90,183,XL,70%,L,63%
3146,2,looser,78,172,L,94%,M,45%
3147,1,tighter,83,172,M,91%,L,46%
3148,5,perfect,85,181,L,90%,XL,43%
3149,5,looser,98,185,XL,84%,L,30%
3150,5,looser,86,176,XL,77%,L,56%
3151,1,looser,84,171,FALSE,0%,FALSE,0%
3152,8,looser,81,171,L,87%,XL,43%
3153,7,perfect,67,161,S,71%,M,67%
3154,8,perfect,78,165,M,86%,L,44%
3155,8,perfect,86,176,L,90%,XL,40%
3157,3,tighter,84,175,M,84%,L,57%
3158,4,looser,77,175,L,94%,M,38%
3160,4,perfect,68,166,M,81%,S,49%
3161,6,perfect,78,176,L,70%,M,68%
3162,6,tighter,70,164,S,83%,M,55%
3163,6,tighter,86,174,M,78%,L,62%
3164,6,tighter,81,170,M,96%,L,42%
3165,5,tighter,75,170,M,87%,S,47%
3166,1,tighter,85,170,M,88%,L,50%
3167,5,looser,87,179,XL,84%,L,49%
3168,2,looser,79,166,L,92%,M,48%
3169,1,looser,71,170,M,82%,L,57%
3171,8,tighter,92,182,L,92%,XL,39%
3172,7,tighter,73,162,S,74%,M,64%
3173,6,tighter,66,156,S,94%,M,44%
3174,8,tighter,90,180,L,87%,M,43%
3176,6,looser,75,175,L,89%,M,50%
3178,9,perfect,95,181,XL,92%,L,48%
3179,3,perfect,91,182,XL,79%,L,62%
3182,1,tighter,87,180,L,80%,M,58%
3183,7,looser,91,178,XL,93%,L,44%
3184,9,tighter,77,171,M,93%,S,45%
3185,8,perfect,84,176,L,91%,M,40%
3186,9,perfect,85,174,L,94%,M,45%
3187,6,looser,90,180,XL,93%,L,46%
3188,8,perfect,70,169,M,90%,S,41%
3189,2,looser,78,172,L,94%,M,45%
3190,7,tighter,82,173,M,92%,L,45%
3191,4,tighter,86,176,M,68%,L,62%
3193,3,looser,79,168,L,93%,M,47%
3194,6,perfect,98,184,XL,93%,L,45%
3195,7,tighter,85,181,L,72%,M,66%
3198,1,tighter,83,177,M,84%,L,54%
3201,3,tighter,83,177,M,84%,L,56%
3202,4,perfect,71,166,M,92%,S,39%
3203,2,tighter,62,163,S,95%,M,44%
3204,5,tighter,81,173,M,94%,L,40%
3205,5,tighter,79,177,M,94%,L,40%
3206,7,looser,86,173,XL,74%,L,64%
3207,4,tighter,82,171,M,93%,L,38%
3208,8,perfect,86,182,L,82%,XL,48%
3209,9,looser,81,182,L,72%,XL,68%
3210,1,looser,80,174,L,91%,XL,47%
3211,3,looser,84,174,L,72%,XL,69%
3212,3,looser,86,171,XL,74%,L,67%
3213,8,looser,85,176,XL,74%,L,56%
3214,3,tighter,87,183,L,86%,M,55%
3215,1,perfect,88,181,L,79%,XL,59%
3216,8,tighter,78,176,M,94%,L,37%
3218,7,tighter,84,170,M,91%,L,47%
3219,0,perfect,89,183,L,67%,XL,65%
3220,3,tighter,92,176,L,91%,M,49%
3221,0,tighter,82,172,M,93%,L,42%
3222,0,tighter,71,164,S,76%,M,59%
3224,2,looser,86,176,XL,80%,L,61%
3225,2,tighter,73,160,S,77%,M,63%
3226,4,tighter,88,177,L,76%,M,54%
3227,4,perfect,87,178,L,87%,XL,44%
3228,1,tighter,65,164,S,90%,M,44%
3230,9,looser,74,168,L,67%,M,65%
3231,6,tighter,80,173,M,96%,L,43%
3232,3,looser,89,182,XL,97%,XXL,42%
3233,0,perfect,89,171,L,90%,XL,44%
3234,9,tighter,88,178,L,81%,M,60%
3235,1,tighter,92,184,L,93%,XL,44%
3236,0,tighter,85,179,M,69%,L,66%
3237,3,looser,74,163,M,80%,L,61%
3238,5,looser,85,173,XL,68%,L,65%
3239,4,perfect,80,171,L,66%,M,64%
3240,8,tighter,85,177,M,71%,L,59%
3241,9,tighter,80,169,M,96%,S,42%
3242,9,tighter,92,176,L,91%,M,49%
3243,7,tighter,85,178,M,73%,L,65%
3244,9,tighter,69,159,S,87%,M,46%
3245,8,looser,94,180,XL,83%,XXL,47%
3246,1,perfect,75,165,M,96%,L,41%
3247,1,looser,92,176,XL,93%,L,41%
3248,3,perfect,95,187,XL,96%,L,43%
3249,5,tighter,79,172,M,96%,S,37%
3250,4,looser,86,181,XL,83%,L,47%
3251,1,tighter,80,172,M,96%,L,41%
3252,7,tighter,71,172,M,75%,S,64%
3253,3,perfect,76,173,M,86%,L,55%
3254,6,tighter,92,185,L,93%,XL,46%
3255,2,looser,82,177,L,77%,XL,64%
3256,4,looser,84,173,L,69%,XL,61%
3257,0,tighter,86,174,M,75%,L,59%
3258,7,perfect,83,171,L,85%,M,54%
3259,4,looser,83,179,XL,68%,L,62%
3260,2,perfect,95,187,XL,91%,L,48%
3261,3,looser,65,159,M,86%,S,55%
3262,1,perfect,72,166,M,95%,S,43%
3263,4,looser,95,184,XL,94%,L,33%
3264,0,looser,81,174,L,86%,XL,49%
3267,6,looser,95,186,XL,94%,L,38%
3269,5,looser,99,182,XL,85%,L,31%
3270,8,looser,83,179,XL,69%,L,61%
3271,4,looser,81,171,L,90%,XL,41%
3272,0,tighter,82,173,M,92%,L,43%
3273,9,looser,95,178,XL,86%,XXL,54%
3274,2,perfect,88,179,L,83%,XL,57%
3275,5,looser,82,172,L,85%,XL,48%
3276,1,perfect,91,184,XL,76%,L,58%
3277,5,perfect,86,178,L,91%,XL,42%
3278,2,looser,95,180,XL,96%,L,40%
3279,7,looser,83,176,L,72%,XL,66%
3280,7,perfect,83,166,L,74%,M,64%
3281,8,perfect,78,178,L,70%,M,60%
3282,8,tighter,81,176,M,88%,L,42%
3283,8,looser,82,172,L,82%,XL,48%
3284,1,tighter,89,184,L,92%,M,45%
3285,0,looser,88,180,XL,94%,L,41%
3286,4,tighter,114,199,XL,79%,L,28%
3287,6,tighter,70,169,S,74%,M,66%
3288,6,tighter,88,175,L,74%,M,66%
3289,7,perfect,79,172,M,72%,L,65%
3290,9,looser,92,183,XL,89%,XXL,44%
3291,7,looser,80,172,L,93%,XL,45%
3292,9,looser,90,181,XL,96%,XXL,43%
3293,2,looser,76,167,L,81%,M,59%
3294,9,perfect,83,171,L,85%,M,55%
3295,8,perfect,77,169,M,84%,L,46%
3297,9,perfect,70,165,M,89%,S,51%
3298,5,tighter,75,171,M,88%,S,45%
3299,5,looser,91,177,XL,92%,L,42%
3300,9,tighter,99,186,XL,77%,L,63%
3301,2,looser,73,168,M,75%,L,66%
3302,6,looser,81,177,L,93%,M,44%
3303,4,looser,85,182,XL,81%,L,49%
3304,8,perfect,99,185,XL,91%,XXL,40%
3305,9,perfect,102,187,XL,81%,XXL,59%
3306,0,tighter,73,170,M,78%,S,56%
3307,0,tighter,87,181,L,81%,M,54%
3309,1,looser,81,173,L,88%,XL,49%
3310,3,tighter,70,164,S,81%,M,60%
3311,0,perfect,96,190,XL,95%,XXL,40%
3312,5,perfect,73,172,M,94%,L,39%
3313,2,looser,83,176,L,73%,XL,68%
3314,9,looser,88,180,XL,94%,L,44%
3315,1,looser,86,175,XL,77%,L,61%
3317,1,looser,85,174,XL,72%,L,66%
3318,4,perfect,78,170,M,79%,L,51%
3319,3,perfect,87,177,L,90%,XL,50%
3320,2,tighter,86,175,M,75%,L,65%
3321,7,perfect,88,182,L,77%,XL,61%
3322,0,tighter,96,188,L,71%,XL,64%
3323,7,perfect,78,169,M,84%,L,54%
3324,0,tighter,63,157,S,95%,M,39%
3326,6,looser,71,160,M,95%,L,44%
3327,3,tighter,91,183,L,95%,M,44%
3328,2,looser,95,190,XL,90%,L,36%
3329,5,looser,83,179,XL,69%,L,64%
3330,3,tighter,80,166,M,94%,S,45%
3331,2,perfect,90,184,XL,75%,L,65%
3332,3,perfect,74,171,M,93%,L,46%
3333,4,looser,55,154,S,93%,M,38%
3334,1,looser,68,162,M,96%,S,41%
3336,6,tighter,93,183,L,92%,XL,46%
3337,2,tighter,90,178,L,89%,M,51%
3338,9,perfect,87,174,L,93%,XL,46%
3339,7,looser,75,168,L,76%,M,62%
3340,5,looser,77,168,L,85%,M,48%
3341,5,looser,82,178,L,72%,XL,61%
3342,9,tighter,83,171,M,92%,L,47%
3343,1,tighter,88,176,L,76%,M,62%
3344,4,perfect,75,167,M,94%,L,38%
3345,8,tighter,82,174,M,88%,L,43%
3346,1,tighter,89,180,L,88%,M,50%
3347,3,tighter,79,172,M,96%,S,42%
3349,4,perfect,83,167,L,74%,M,56%
3350,2,perfect,82,177,L,91%,M,49%
3351,9,tighter,77,173,M,95%,S,44%
3352,2,perfect,82,177,L,91%,M,49%
3353,9,perfect,78,175,M,72%,L,68%
3355,8,tighter,76,172,M,89%,S,41%
3356,5,looser,81,176,L,82%,XL,51%
3357,3,looser,81,177,L,82%,XL,58%
3358,7,perfect,88,177,L,87%,XL,51%
3359,6,perfect,86,181,L,88%,XL,51%
3360,0,tighter,71,166,S,73%,M,62%
3361,6,tighter,85,171,M,87%,L,53%
3362,2,looser,86,177,XL,81%,L,60%
3363,1,perfect,84,174,L,92%,M,46%
3364,1,looser,85,178,XL,78%,L,60%
3365,1,looser,90,173,XL,87%,L,51%
3366,9,perfect,84,174,L,92%,M,47%
3367,1,perfect,72,166,M,95%,S,43%
3368,4,perfect,83,177,L,92%,M,39%
3369,1,perfect,95,183,XL,87%,L,50%
3370,3,looser,83,184,XL,84%,L,57%
3371,4,perfect,82,175,L,86%,M,44%
3372,3,perfect,92,177,XL,73%,L,68%
3373,0,perfect,80,171,M,67%,L,65%
3374,1,tighter,87,180,L,80%,M,58%
3376,1,looser,89,184,XL,93%,L,44%
3378,5,perfect,91,183,XL,74%,L,59%
3379,7,looser,70,161,M,95%,L,42%
3380,7,perfect,94,183,XL,85%,L,53%
3381,5,perfect,86,173,L,95%,M,39%
3382,9,tighter,79,172,M,96%,S,42%
3383,1,perfect,75,170,M,92%,L,45%
3384,9,looser,65,162,M,90%,S,50%
3385,9,tighter,84,176,M,82%,L,58%
3386,0,tighter,90,178,L,87%,M,48%
3387,1,perfect,72,169,M,96%,S,38%
3388,0,looser,76,172,L,87%,M,47%
3389,5,looser,82,169,L,89%,XL,44%
3390,6,perfect,89,181,L,75%,XL,65%
3391,7,looser,95,181,XL,95%,L,39%
3392,6,tighter,88,176,L,77%,M,63%
3393,2,perfect,89,180,L,76%,XL,64%
3394,6,perfect,80,173,M,73%,L,66%
3395,2,looser,76,174,L,92%,M,48%
3396,6,perfect,67,158,S,76%,M,64%
3397,9,perfect,75,166,M,95%,L,43%
3398,3,perfect,82,181,L,94%,M,46%
3399,0,tighter,89,175,L,77%,M,58%
3400,8,perfect,79,168,M,77%,L,53%
3401,3,looser,92,180,XL,93%,XXL,46%
3402,9,perfect,75,165,M,96%,L,43%
3403,7,looser,88,173,XL,81%,L,57%
3404,2,tighter,74,159,S,76%,M,65%
3405,6,tighter,70,163,S,82%,M,58%
3406,5,tighter,80,176,M,93%,L,40%
3407,9,looser,84,168,L,84%,XL,56%
3408,3,looser,82,178,L,75%,XL,66%
3409,2,perfect,82,180,L,93%,M,46%
3410,8,looser,80,177,L,82%,XL,48%
3411,7,perfect,87,175,L,92%,XL,45%
3412,4,looser,84,172,L,72%,XL,59%
3414,8,perfect,78,175,M,67%,L,63%
3415,7,tighter,78,172,M,95%,S,41%
3416,8,looser,79,171,L,93%,M,39%
3419,1,perfect,83,171,L,85%,M,54%
3421,2,tighter,77,166,FALSE,0%,FALSE,0%
3422,1,perfect,84,173,L,91%,M,47%
3424,7,tighter,82,172,M,93%,L,44%
3425,2,looser,84,171,L,78%,XL,63%
3426,4,looser,95,182,XL,95%,L,34%
3427,2,tighter,89,178,L,85%,M,55%
3428,0,tighter,81,172,M,94%,L,40%
3429,1,tighter,86,181,L,77%,M,61%
3430,0,perfect,83,173,L,87%,M,48%
3431,0,looser,88,176,XL,90%,L,44%
3432,0,perfect,88,178,L,84%,XL,51%
3433,6,perfect,82,177,L,79%,M,60%
3434,5,looser,79,177,L,89%,XL,44%
3435,7,perfect,85,166,L,84%,M,54%
3436,9,perfect,80,173,L,74%,M,66%
3437,6,tighter,77,170,M,93%,S,46%
3438,1,tighter,90,182,L,93%,M,45%
3439,9,perfect,78,171,M,80%,L,60%
3440,3,looser,90,181,XL,96%,XXL,43%
3441,0,tighter,81,177,M,90%,L,45%
3442,0,tighter,76,170,M,89%,S,45%
3443,1,tighter,84,178,M,76%,L,58%
3444,6,looser,90,179,XL,92%,L,47%
3445,4,tighter,75,173,M,91%,S,40%
3446,0,perfect,86,177,L,92%,XL,43%
3447,5,tighter,83,179,M,79%,L,54%
3448,4,tighter,83,177,M,82%,L,49%
3449,3,tighter,74,172,M,87%,S,53%
3450,2,looser,93,183,XL,96%,L,41%
3451,3,tighter,103,191,XL,95%,L,44%
3452,7,tighter,81,174,M,93%,L,44%
3453,5,tighter,87,182,L,82%,M,51%
3454,7,looser,79,174,L,93%,XL,44%
3455,0,tighter,85,177,M,74%,L,61%
3456,0,looser,102,183,XXL,87%,XL,47%
3457,4,looser,86,178,XL,79%,L,51%
3458,3,tighter,91,183,L,95%,M,44%
3459,6,looser,78,164,L,85%,M,55%
3460,9,tighter,75,172,M,90%,S,49%
3461,9,tighter,74,171,M,84%,S,49%
3462,5,perfect,84,177,L,94%,M,40%
3463,9,looser,82,173,L,84%,XL,56%
3464,2,looser,79,168,L,93%,M,46%
3465,4,looser,86,185,XL,87%,L,43%
3466,4,looser,90,173,XL,86%,L,44%
3468,6,tighter,90,181,L,92%,M,47%
3469,4,looser,80,177,L,84%,XL,46%
3470,5,tighter,102,188,XL,83%,L,50%
3471,0,tighter,94,181,L,91%,XL,43%
3472,9,looser,69,162,M,96%,L,42%
3473,7,looser,73,166,M,79%,L,59%
3474,4,looser,88,171,FALSE,0%,FALSE,0%
3475,6,looser,68,163,M,97%,S,41%
3476,3,looser,89,184,XL,96%,XXL,43%
3477,6,perfect,75,171,M,92%,L,47%
3478,2,perfect,79,169,M,80%,L,61%
3479,3,perfect,89,176,L,84%,XL,56%
3480,9,perfect,85,184,L,87%,XL,53%
3481,1,perfect,88,178,L,85%,XL,53%
3482,8,looser,96,182,XL,68%,XXL,62%
3483,7,perfect,92,181,XL,77%,L,61%
3484,5,looser,76,169,L,82%,M,51%
3485,1,tighter,98,186,XL,70%,L,68%
3486,9,looser,94,182,XL,84%,XXL,56%
3487,4,perfect,77,174,M,76%,L,55%
3488,3,tighter,106,190,XL,96%,XXL,43%
3489,2,perfect,74,160,M,94%,S,45%
3490,8,perfect,85,180,L,89%,XL,42%
3491,2,looser,81,175,L,86%,XL,55%
3492,9,tighter,77,170,M,92%,S,46%
3493,9,perfect,85,177,L,94%,XL,40%
3494,6,looser,100,187,XL,64%,L,24%
3495,4,tighter,82,166,M,96%,L,36%
3496,9,looser,86,174,XL,80%,L,60%
3497,4,looser,83,176,L,68%,XL,62%
3498,1,tighter,94,179,L,93%,XL,41%
3500,3,tighter,64,171,S,87%,M,53%
3501,4,perfect,84,184,L,89%,XL,42%
3502,6,looser,97,183,XL,92%,L,37%
3503,4,tighter,82,175,M,89%,L,42%
3504,7,looser,78,169,L,91%,M,46%
3505,1,tighter,81,180,M,86%,L,52%
3506,8,perfect,91,179,XL,67%,L,63%
3507,6,looser,84,177,XL,73%,L,67%
3509,2,looser,68,167,M,95%,L,44%
3510,8,tighter,98,180,L,76%,XL,54%
3511,2,tighter,83,180,M,78%,L,62%
3512,1,tighter,86,174,M,77%,L,61%
3513,3,looser,88,177,XL,92%,L,47%
3514,5,tighter,82,171,M,94%,L,40%
3515,8,looser,79,170,L,92%,M,39%
3516,7,perfect,79,170,M,77%,L,61%
3518,3,perfect,65,158,S,82%,M,59%
3519,6,perfect,82,176,L,89%,M,51%
3520,6,looser,78,178,L,89%,M,49%
3521,8,tighter,87,180,L,76%,M,54%
3522,9,tighter,78,169,M,93%,S,45%
3523,1,looser,68,165,M,96%,L,41%
3524,2,perfect,89,177,L,83%,XL,58%
3525,9,perfect,90,168,L,92%,XL,47%
3526,5,tighter,92,186,L,91%,XL,43%
3527,1,looser,83,175,L,75%,XL,63%
3528,6,looser,88,182,XL,91%,L,48%
3529,2,tighter,76,171,M,92%,S,47%
3530,0,tighter,90,178,L,87%,M,48%
3531,9,looser,91,186,XL,90%,XXL,50%
3533,6,perfect,96,181,XL,88%,L,51%
3534,9,looser,86,173,XL,78%,L,62%
3535,9,looser,81,170,L,92%,XL,47%
3536,4,looser,83,177,L,65%,XL,63%
3537,5,looser,77,166,L,82%,M,51%
3538,5,tighter,91,181,L,93%,M,40%
3539,2,looser,91,182,XL,95%,L,44%
3540,1,tighter,72,166,S,71%,M,67%
3541,5,looser,84,177,XL,70%,L,63%
3542,9,looser,98,188,XXL,83%,XL,57%
3543,7,perfect,78,167,M,87%,L,51%
3544,2,looser,94,185,XL,95%,L,40%
3545,8,perfect,92,178,XL,70%,L,60%
3546,6,looser,80,168,L,85%,M,54%
3547,0,looser,74,167,M,69%,L,66%
3548,1,tighter,67,155,S,93%,M,43%
3549,2,perfect,96,187,XL,93%,L,46%
3550,1,perfect,96,182,XL,89%,L,49%
3551,7,tighter,91,188,L,92%,XL,46%
3553,4,perfect,93,175,XL,68%,L,62%
3554,5,perfect,72,167,M,95%,S,39%
3555,1,perfect,90,182,XL,71%,L,67%
3556,6,looser,75,169,L,70%,M,68%
3557,0,perfect,82,170,L,76%,M,58%
3559,5,perfect,78,164,M,90%,L,43%
3560,9,perfect,79,177,L,78%,M,62%
3561,5,looser,71,160,M,94%,L,40%
3562,9,looser,77,173,L,92%,M,47%
3563,5,looser,87,175,XL,79%,L,54%
3564,9,looser,95,182,XL,79%,XXL,61%
3566,5,perfect,92,180,XL,73%,L,60%
3567,2,perfect,86,168,L,91%,M,48%
3568,9,looser,93,180,XL,89%,XXL,44%
3569,8,tighter,76,168,M,84%,S,46%
3570,4,perfect,78,169,M,81%,L,49%
3571,2,perfect,73,164,M,95%,S,44%
3572,9,perfect,89,174,L,86%,XL,47%
3573,9,looser,80,175,L,89%,XL,50%
3574,6,perfect,87,183,L,81%,XL,59%
3575,9,tighter,94,183,L,90%,XL,50%
3576,6,looser,83,173,L,80%,XL,60%
3577,8,tighter,93,178,L,92%,M,39%
3578,7,tighter,96,184,L,81%,XL,57%
3579,3,tighter,89,179,L,86%,M,54%
3581,1,perfect,85,177,FALSE,0%,FALSE,0%
3582,8,looser,76,171,L,83%,M,47%
3583,3,tighter,73,168,M,76%,S,64%
3584,7,tighter,75,168,M,84%,S,54%
3585,1,tighter,85,182,L,75%,M,63%
3586,4,looser,96,194,XL,72%,L,25%
3587,6,looser,71,161,M,94%,L,45%
3588,9,tighter,80,175,M,94%,L,45%
3589,8,tighter,94,185,L,83%,XL,47%
3590,9,perfect,78,170,M,82%,L,58%
3591,6,tighter,84,175,M,84%,L,56%
3592,5,looser,73,171,L,68%,M,65%
3593,5,looser,83,175,L,73%,XL,60%
3594,0,perfect,88,181,L,78%,XL,57%
3595,2,tighter,78,170,M,95%,S,44%
3596,7,looser,79,170,L,94%,M,43%
3597,3,perfect,101,188,XL,84%,XXL,57%
3598,7,perfect,95,175,XL,78%,L,60%
3600,2,perfect,77,164,M,93%,L,46%
3602,8,looser,80,168,L,92%,M,39%
3603,9,tighter,89,175,L,79%,M,61%
3604,2,perfect,69,165,M,86%,S,54%
3605,0,looser,83,177,L,68%,XL,66%
3606,2,looser,77,166,L,84%,M,56%
3607,5,looser,72,165,M,85%,L,48%
3608,8,perfect,83,168,L,74%,M,56%
3609,3,perfect,101,184,XL,90%,XXL,50%
3610,0,looser,69,161,M,96%,L,38%
3611,1,tighter,83,173,M,90%,L,48%
3612,8,looser,86,175,XL,77%,L,53%
3613,9,perfect,77,175,M,77%,L,63%
3614,7,looser,79,165,L,89%,M,48%
3615,1,looser,87,181,XL,87%,L,51%
3616,8,tighter,102,184,XL,81%,L,49%
3617,9,tighter,78,176,M,96%,L,42%
3618,0,looser,91,173,XL,95%,L,40%
3619,8,looser,79,172,L,92%,XL,39%
3620,5,looser,95,182,XL,95%,L,35%
3621,6,perfect,79,176,M,72%,L,67%
3622,9,looser,95,176,XL,89%,XXL,51%
3623,8,tighter,88,180,L,80%,M,50%
3624,2,perfect,86,174,L,95%,XL,44%
3625,7,perfect,75,175,M,86%,L,52%
3626,6,perfect,94,185,XL,87%,L,52%
3627,1,tighter,96,178,L,91%,XL,47%
3628,6,perfect,77,172,M,83%,L,57%
3629,2,tighter,95,177,L,94%,XL,46%
3630,3,tighter,84,172,M,89%,L,52%
3631,8,looser,84,170,L,75%,XL,54%
3632,7,looser,86,174,XL,76%,L,62%
3633,2,looser,87,173,XL,79%,L,61%
3634,9,looser,80,168,L,95%,M,44%
3635,2,looser,80,181,L,79%,XL,61%
3636,3,looser,75,176,L,90%,M,50%
3638,2,perfect,89,177,L,83%,XL,58%
3639,7,perfect,85,169,L,89%,M,49%
3640,8,looser,94,183,XL,78%,XXL,52%
3641,6,tighter,88,175,L,74%,M,66%
3642,9,perfect,81,176,L,85%,M,55%
3643,1,perfect,77,177,M,72%,L,66%
3644,0,perfect,87,178,L,88%,XL,47%
3645,3,perfect,102,189,XL,77%,XXL,63%
3646,8,tighter,73,169,M,73%,S,57%
3648,3,looser,75,165,L,70%,M,68%
3649,1,looser,83,168,L,88%,XL,50%
3650,6,perfect,81,177,L,76%,M,63%
3651,0,perfect,95,183,XL,93%,L,42%
3652,0,tighter,81,177,M,90%,L,45%
3653,8,perfect,86,183,L,80%,XL,49%
3654,3,tighter,93,184,L,91%,XL,49%
3655,4,looser,89,184,XL,92%,L,39%
3656,6,perfect,74,168,M,96%,L,43%
3657,5,tighter,78,171,M,95%,S,39%
3658,8,tighter,105,189,XL,94%,L,37%
3659,4,looser,84,178,XL,71%,L,59%
3660,6,tighter,88,179,L,83%,M,57%
3661,4,looser,100,186,XL,61%,L,22%
3662,4,tighter,76,172,M,92%,S,39%
3663,2,tighter,75,168,M,85%,S,55%
3664,6,perfect,85,171,L,80%,M,58%
3665,8,looser,59,158,S,84%,M,46%
3666,8,looser,85,175,XL,72%,L,58%
3667,6,tighter,77,172,M,94%,S,44%
3668,5,tighter,79,173,M,96%,L,37%
3669,0,perfect,95,183,XL,93%,L,42%
3670,3,looser,113,195,XXL,64%,XL,24%
3674,3,tighter,78,172,M,95%,S,43%
3675,7,tighter,74,165,M,73%,S,65%
3676,5,perfect,94,176,XL,75%,L,59%
3677,1,looser,89,178,XL,89%,L,48%
3678,0,looser,71,167,M,86%,L,49%
3679,7,perfect,79,168,M,81%,L,57%
3680,0,perfect,74,168,M,95%,L,40%
3681,4,tighter,81,177,M,89%,L,42%
3682,6,perfect,82,174,L,86%,M,54%
3683,5,tighter,74,170,M,83%,S,50%
3684,3,looser,82,174,L,83%,XL,58%
3685,7,looser,74,170,L,75%,M,63%
3686,3,looser,71,162,M,93%,L,47%
3687,0,perfect,88,177,L,85%,XL,49%
3688,7,tighter,92,184,L,93%,XL,44%
3689,9,looser,89,181,XL,96%,L,42%
3690,9,perfect,80,168,M,77%,L,63%
3691,5,tighter,82,173,M,92%,L,42%
3692,0,perfect,90,176,L,78%,XL,56%
3693,3,looser,78,172,L,94%,M,45%
3694,6,looser,98,183,XL,89%,L,35%
3695,0,perfect,91,181,XL,74%,L,61%
3696,7,tighter,101,187,XL,81%,L,57%
3697,8,perfect,79,178,L,75%,M,55%
3699,7,perfect,80,175,L,78%,M,60%
3700,3,perfect,92,176,XL,71%,L,69%
3701,8,looser,71,166,M,84%,L,46%
3702,5,looser,93,176,XL,94%,L,39%
3703,9,perfect,91,172,L,81%,XL,52%
3704,8,looser,82,172,L,82%,XL,48%
3705,2,looser,74,171,L,78%,M,62%
3706,9,perfect,81,179,L,89%,M,50%
3707,3,tighter,76,175,M,95%,S,44%
3708,4,perfect,91,181,XL,70%,L,60%
3709,9,perfect,84,170,L,87%,M,53%
3710,2,perfect,70,166,M,91%,S,49%
3711,0,perfect,86,179,L,90%,XL,45%
3712,2,tighter,81,173,FALSE,0%,FALSE,0%
3713,0,tighter,94,180,L,92%,XL,42%
3714,6,tighter,75,163,M,75%,S,65%
3715,7,looser,78,166,L,87%,M,50%
3716,1,perfect,74,173,M,92%,L,46%
3717,6,perfect,82,178,L,91%,M,48%
3718,9,tighter,101,186,XL,83%,L,50%
3719,9,looser,98,187,XXL,82%,XL,58%
3720,8,perfect,96,182,XL,92%,L,39%
3721,0,looser,93,187,XL,78%,XXL,57%
3722,9,looser,95,189,XXL,74%,XL,66%
3723,6,tighter,87,177,L,74%,M,66%
3724,5,perfect,87,181,L,83%,XL,50%
3725,3,perfect,83,175,L,90%,M,50%
3726,9,looser,79,170,L,94%,M,44%
3727,9,looser,96,179,XL,77%,XXL,56%
3728,3,looser,68,170,M,93%,L,47%
3729,2,tighter,75,172,M,91%,S,49%
3731,3,perfect,77,170,M,87%,L,54%
3732,3,looser,85,176,XL,79%,L,62%
3733,9,tighter,84,171,M,90%,L,50%
3734,5,tighter,80,171,M,96%,L,37%
3735,1,perfect,81,173,L,79%,M,59%
3736,8,looser,86,175,XL,77%,L,53%
3737,0,looser,88,181,XL,95%,L,40%
3738,8,tighter,81,177,M,87%,L,43%
3739,5,looser,95,182,XL,95%,L,35%
3740,1,tighter,72,165,S,73%,M,65%
3741,2,tighter,86,175,M,75%,L,65%
3742,4,looser,83,169,L,84%,XL,46%
3743,4,tighter,73,164,S,67%,M,63%
3744,1,perfect,83,172,L,85%,M,49%
3745,2,looser,90,177,XL,91%,L,48%
3746,0,tighter,82,169,M,95%,L,40%
3747,9,perfect,82,175,L,87%,M,53%
3748,2,perfect,91,175,L,77%,XL,64%
3749,8,tighter,75,168,M,80%,S,50%
3750,4,looser,95,179,XL,95%,L,35%
3751,0,tighter,89,179,L,85%,M,50%
3752,1,looser,69,162,M,96%,L,41%
3753,5,looser,82,179,L,69%,XL,64%
3754,4,tighter,101,184,XL,75%,L,56%
3755,0,tighter,90,184,L,93%,M,41%
3756,3,tighter,65,160,S,93%,M,46%
3757,4,tighter,77,170,FALSE,0%,FALSE,0%
3759,8,tighter,87,174,M,68%,L,62%
3760,4,tighter,67,165,S,84%,M,46%
3761,0,perfect,93,182,XL,86%,L,49%
3762,6,perfect,85,172,L,92%,M,46%
3763,9,perfect,93,181,XL,85%,L,55%
3764,2,perfect,90,178,L,76%,XL,65%
3765,4,tighter,99,187,XL,72%,L,58%
3766,8,looser,71,161,M,91%,L,40%
3767,1,perfect,81,169,L,70%,M,68%
3768,8,tighter,83,178,M,78%,L,52%
3769,5,tighter,89,182,L,90%,M,44%
3770,3,tighter,94,183,L,90%,XL,50%
3771,5,looser,81,172,L,89%,XL,44%
3772,1,perfect,86,179,L,90%,XL,47%
3773,0,perfect,90,181,XL,68%,L,66%
3774,6,tighter,79,172,M,97%,S,41%
3775,8,perfect,102,190,XL,70%,XXL,60%
3776,7,looser,91,172,XL,89%,L,49%
3777,1,looser,75,171,L,82%,M,56%
3778,8,tighter,97,186,L,68%,XL,62%
3779,0,tighter,78,163,M,86%,S,49%
3780,2,looser,95,185,XL,94%,L,39%
3781,6,perfect,89,174,L,88%,XL,52%
3782,4,perfect,91,179,XL,67%,L,63%
3784,6,looser,86,178,XL,82%,L,58%
3785,4,looser,89,177,XL,87%,L,43%
3786,6,looser,92,180,XL,95%,L,43%
3787,4,looser,78,166,L,86%,M,44%
3788,6,perfect,84,170,L,87%,M,53%
3789,8,perfect,89,178,L,76%,XL,54%
3790,1,looser,86,175,XL,77%,L,61%
3791,6,tighter,68,163,S,87%,M,53%
3792,6,tighter,88,180,L,85%,M,55%
3793,1,tighter,76,161,M,74%,S,64%
3794,8,perfect,96,176,XL,85%,L,45%
3795,1,looser,79,175,L,92%,XL,45%
3796,7,perfect,81,176,L,85%,M,53%
3797,0,perfect,79,175,L,71%,M,64%
3798,0,looser,79,173,L,93%,XL,41%
3799,5,tighter,91,186,L,93%,XL,41%
3801,0,perfect,94,188,XL,95%,L,40%
3803,5,tighter,83,175,M,86%,L,47%
3804,1,perfect,93,182,XL,81%,L,57%
3805,0,tighter,87,176,L,69%,M,65%
3806,5,tighter,69,159,S,87%,M,46%
3807,3,looser,62,160,M,72%,S,68%
3808,7,tighter,89,172,L,72%,M,66%
3809,4,perfect,95,185,XL,88%,L,43%
3810,2,tighter,82,168,M,96%,L,43%
3811,3,tighter,82,169,M,95%,L,44%
3812,7,tighter,79,167,M,94%,S,43%
3813,2,perfect,71,171,M,96%,S,42%
3815,0,looser,74,175,L,84%,M,51%
3816,7,perfect,79,172,M,73%,L,66%
3817,8,tighter,106,194,XL,90%,XXL,40%
3818,2,tighter,88,180,L,85%,M,55%
3819,3,perfect,88,178,L,85%,XL,55%
3820,3,perfect,90,177,L,78%,XL,63%
3822,9,looser,93,182,XL,88%,XXL,52%
3823,0,looser,84,167,L,84%,XL,50%
3824,7,perfect,80,169,M,73%,L,64%
3825,3,looser,94,181,XL,86%,XXL,55%
3826,9,tighter,70,169,S,71%,M,62%
3827,3,looser,91,182,XL,94%,XXL,46%
3828,9,perfect,93,186,XL,92%,L,47%
3829,8,looser,90,174,XL,91%,L,40%
3830,4,tighter,95,184,L,83%,XL,47%
3831,5,looser,101,188,XL,42%,L,15%
3832,1,looser,78,184,L,84%,XL,54%
3833,2,perfect,82,177,L,91%,M,49%
3834,0,perfect,64,157,S,84%,M,50%
3835,8,perfect,77,169,M,84%,L,46%
3836,0,tighter,86,168,M,87%,L,48%
3837,5,looser,80,178,L,84%,XL,49%
3838,8,perfect,84,177,L,92%,M,39%
3839,1,looser,92,179,XL,94%,L,42%
3840,6,perfect,90,178,L,76%,XL,64%
3841,5,looser,91,181,XL,94%,L,39%
3842,5,looser,72,164,M,86%,L,47%
3843,2,looser,66,159,M,90%,S,50%
3844,7,perfect,78,171,M,80%,L,58%
3845,5,tighter,100,185,XL,73%,L,60%
3846,9,perfect,81,174,L,81%,M,59%
3847,5,looser,71,165,M,89%,L,44%
3848,3,looser,67,162,M,95%,S,44%
3849,5,perfect,91,183,XL,74%,L,59%
3850,5,perfect,96,178,XL,84%,L,49%
3851,4,looser,85,178,XL,75%,L,55%
3852,2,looser,96,185,XL,92%,L,37%
3853,5,tighter,86,175,M,73%,L,60%
3854,6,tighter,89,177,L,83%,M,57%
3855,6,tighter,91,180,L,93%,M,46%
3856,3,looser,92,180,XL,93%,XXL,46%
3857,3,perfect,82,178,L,91%,M,49%
3858,1,perfect,91,176,L,74%,XL,64%
3859,7,looser,91,175,XL,91%,L,46%
3860,3,perfect,100,190,XL,85%,XXL,56%
3861,3,tighter,84,177,M,80%,L,60%
3862,1,perfect,93,183,XL,82%,L,56%
3863,2,tighter,93,182,L,93%,XL,46%
3865,2,tighter,92,180,L,95%,M,44%
3866,3,tighter,86,175,M,76%,L,65%
3867,4,looser,88,171,XL,77%,L,54%
3868,4,perfect,89,182,L,67%,XL,63%
3869,0,perfect,84,175,L,92%,M,43%
3870,5,perfect,74,168,M,95%,L,38%
3871,7,looser,82,176,L,78%,XL,60%
3872,2,looser,71,166,M,88%,L,52%
3873,4,perfect,70,162,M,83%,S,47%
3874,7,tighter,70,166,S,78%,M,61%
3875,3,perfect,77,175,M,77%,L,63%
3876,6,tighter,75,168,M,85%,S,55%
3877,6,tighter,94,176,L,95%,M,44%
3878,2,perfect,83,172,L,87%,M,53%
3879,3,looser,77,175,L,94%,M,45%
3880,3,perfect,91,182,XL,79%,L,62%
3881,6,perfect,76,164,M,95%,L,43%
3882,8,tighter,91,181,L,91%,M,40%
3883,3,looser,79,171,L,95%,M,44%
3884,3,tighter,73,165,S,71%,M,69%
3885,9,tighter,80,167,M,95%,S,43%
3886,5,tighter,67,162,S,88%,M,45%
3888,6,tighter,94,187,L,84%,XL,56%
3889,5,tighter,85,178,M,71%,L,62%
3890,9,looser,66,162,M,93%,S,46%
3891,0,looser,86,170,XL,69%,L,66%
3892,2,tighter,87,176,L,73%,M,68%
3893,5,tighter,89,176,L,79%,M,54%
3894,2,tighter,80,171,M,96%,L,42%
3895,1,looser,76,164,FALSE,0%,FALSE,0%
3896,7,perfect,64,162,S,80%,M,59%
3897,9,tighter,95,180,L,91%,XL,49%
3898,8,tighter,88,181,L,82%,M,48%
3899,1,tighter,77,170,M,93%,S,45%
3900,5,perfect,63,159,S,85%,M,48%
3901,7,looser,90,179,XL,96%,L,40%
3903,5,tighter,103,193,XL,90%,L,43%
3905,6,tighter,87,175,M,71%,L,69%
3906,4,perfect,100,181,XL,93%,L,38%
3907,4,looser,94,181,XL,95%,L,35%
3908,9,looser,86,173,XL,78%,L,62%
3909,2,perfect,78,177,L,73%,M,67%
3911,8,perfect,82,170,L,73%,M,56%
3912,4,looser,72,169,M,75%,L,56%
3913,9,looser,76,168,L,82%,M,58%
3914,5,looser,77,173,L,92%,M,41%
3915,1,perfect,86,182,L,86%,XL,52%
3917,0,tighter,84,174,M,84%,L,50%
3918,5,looser,85,166,L,81%,XL,52%
3920,3,perfect,96,178,XL,91%,L,49%
3921,8,looser,61,156,S,78%,M,52%
3922,9,tighter,89,176,L,81%,M,59%
3923,4,perfect,69,162,M,78%,S,52%
3924,8,tighter,79,170,M,93%,S,38%
3925,7,perfect,86,175,L,94%,XL,43%
3926,6,perfect,83,175,L,91%,M,49%
3927,7,perfect,82,170,L,78%,M,60%
3928,8,perfect,85,172,L,89%,M,42%
3929,6,perfect,82,175,L,87%,M,52%
3930,3,tighter,65,167,S,89%,M,52%
3931,5,perfect,82,171,L,78%,M,55%
3932,4,tighter,92,173,L,86%,M,45%
3933,6,tighter,79,172,M,97%,S,41%
3934,9,tighter,88,182,L,87%,M,53%
3935,4,looser,82,170,L,87%,XL,43%
3936,4,looser,83,174,L,73%,XL,57%
3937,4,tighter,82,176,M,87%,L,43%
3938,9,looser,80,173,L,92%,XL,48%
3939,3,perfect,81,179,L,89%,M,51%
3940,6,perfect,89,176,L,85%,XL,55%
3941,4,perfect,75,164,M,96%,L,36%
3942,8,tighter,92,177,L,89%,M,42%
3943,6,tighter,89,179,L,86%,M,53%
3945,6,tighter,82,170,M,95%,L,44%
3946,9,looser,74,169,L,73%,M,67%
3947,3,looser,84,178,XL,77%,L,63%
3948,7,looser,100,188,XL,59%,L,22%
3949,8,perfect,77,175,M,72%,L,57%
3950,6,perfect,85,175,L,95%,M,44%
3951,7,looser,96,188,XL,89%,L,34%
3952,9,tighter,87,176,L,72%,M,68%
3953,9,looser,78,175,L,94%,XL,44%
3954,9,perfect,91,179,XL,72%,L,68%
3955,0,tighter,91,188,L,91%,XL,44%
3956,4,looser,89,180,XL,90%,L,41%
3957,9,tighter,91,183,L,95%,M,44%
3958,5,perfect,66,161,S,72%,M,61%
3959,8,looser,81,173,L,85%,XL,45%
3960,0,looser,85,174,XL,72%,L,63%
3961,7,tighter,84,174,M,86%,L,53%
3962,8,perfect,77,169,M,84%,L,46%
3963,9,looser,63,158,M,73%,S,67%
3964,6,tighter,99,185,XL,73%,L,67%
3966,4,looser,88,175,XL,82%,L,48%
3968,7,looser,90,180,XL,92%,L,45%
3969,3,looser,89,187,XL,94%,XXL,45%
3971,1,perfect,88,178,L,85%,XL,53%
3972,7,tighter,84,171,M,90%,L,48%
3973,7,perfect,70,165,M,89%,S,49%
3974,1,tighter,81,177,M,90%,L,47%
3975,2,looser,85,183,XL,85%,L,56%
3976,0,tighter,94,185,L,86%,XL,49%
3977,1,perfect,88,178,L,85%,XL,53%
3979,3,looser,76,167,L,80%,M,60%
3980,0,tighter,82,171,M,93%,L,41%
3981,1,tighter,81,168,M,97%,S,40%
3982,3,perfect,78,175,M,72%,L,68%
3991,9,looser,81,175,L,85%,XL,55%
3992,3,tighter,74,166,M,77%,S,64%
3993,7,perfect,87,177,L,90%,XL,48%
3994,2,tighter,77,169,M,92%,S,47%
3995,4,perfect,87,173,L,93%,XL,38%
3996,6,perfect,91,186,XL,81%,L,59%
3997,9,tighter,57,156,S,91%,M,33%
3998,9,looser,79,175,L,92%,XL,47%
3999,8,perfect,80,177,L,78%,M,52%
4000,6,perfect,91,183,XL,77%,L,63%
3101,2,tighter,86,176,M,73%,L,68%
3102,5,looser,87,180,XL,85%,L,48%
3103,3,looser,71,162,M,93%,L,47%
3104,9,tighter,90,179,L,89%,M,50%
3105,5,perfect,83,176,L,91%,M,43%
3106,7,looser,82,173,L,84%,XL,54%
3107,1,tighter,79,170,M,96%,S,41%
3108,5,tighter,81,169,M,96%,L,38%
3109,4,perfect,82,177,L,89%,M,42%
3110,6,tighter,70,169,S,74%,M,66%
3111,5,perfect,92,179,XL,72%,L,61%
3112,5,perfect,73,163,M,94%,S,40%
3113,7,tighter,65,165,S,90%,M,47%
3114,0,tighter,80,173,M,95%,L,40%
3115,7,looser,93,182,XL,88%,XXL,50%
3116,0,tighter,83,174,M,88%,L,47%
3117,3,looser,84,180,XL,81%,L,59%
3118,7,looser,87,180,XL,86%,L,52%
3119,1,perfect,93,182,XL,81%,L,57%
3120,8,looser,73,166,M,74%,L,55%
3121,9,perfect,87,173,L,94%,XL,45%
3122,6,perfect,82,178,L,91%,M,48%
3123,4,tighter,74,169,M,80%,S,50%
3124,8,looser,91,184,XL,89%,XXL,42%
3125,0,tighter,87,180,L,78%,M,56%
3126,1,tighter,77,173,M,95%,S,42%
3127,0,looser,90,181,XL,95%,XXL,39%
3128,7,perfect,86,174,L,95%,XL,42%
3129,7,perfect,87,176,L,91%,XL,46%
3130,0,tighter,89,177,L,81%,M,53%
3131,7,tighter,83,174,M,89%,L,49%
3132,7,perfect,81,168,M,71%,L,68%
3133,5,perfect,96,178,XL,84%,L,49%
3134,9,perfect,90,183,XL,75%,L,65%
3135,8,looser,85,178,XL,78%,L,52%
3136,9,perfect,70,165,M,89%,S,51%
3137,4,tighter,79,173,M,96%,L,36%
3139,7,tighter,93,186,L,89%,XL,49%
3140,5,tighter,70,161,S,82%,M,51%
3141,6,perfect,58,158,S,95%,M,43%
3142,5,looser,90,183,XL,93%,L,40%
3143,1,tighter,100,188,XL,79%,L,59%
3144,1,tighter,97,178,L,88%,XL,50%
3146,8,looser,78,172,L,91%,M,40%
3147,3,tighter,83,172,M,91%,L,49%
3148,7,perfect,85,181,L,91%,XL,47%
3149,5,looser,98,185,XL,84%,L,30%
3150,3,looser,86,176,XL,84%,L,57%
3152,6,looser,81,171,L,91%,XL,48%
3153,6,perfect,67,161,S,72%,M,68%
3154,6,perfect,78,165,M,90%,L,49%
3155,1,perfect,86,176,L,93%,XL,44%
3156,5,looser,84,175,XL,67%,L,65%
3158,6,looser,77,175,L,94%,M,44%
3160,7,perfect,68,166,M,83%,S,55%
3162,8,tighter,70,164,S,81%,M,48%
3164,4,tighter,81,170,M,95%,L,36%
3165,7,tighter,75,170,M,88%,S,50%
3166,5,tighter,85,170,M,87%,L,46%
3167,3,looser,87,179,XL,91%,L,48%
3168,6,looser,79,166,L,91%,M,48%
3169,5,looser,71,170,M,80%,L,53%
3170,0,looser,78,169,L,90%,M,44%
3171,6,tighter,92,182,L,95%,XL,44%
3172,8,tighter,73,162,S,72%,M,57%
3173,9,tighter,66,156,S,94%,M,45%
3174,2,tighter,90,180,L,91%,M,49%
3175,1,tighter,75,169,M,86%,S,52%
3176,5,looser,75,175,L,88%,M,45%
3177,0,perfect,84,171,L,87%,M,47%
3178,8,perfect,95,181,XL,88%,L,42%
3179,0,perfect,91,182,XL,76%,L,58%
3180,4,looser,97,186,XL,86%,L,30%
3181,0,looser,72,162,M,89%,L,46%
3182,9,tighter,87,180,L,80%,M,60%
3183,5,looser,91,178,XL,92%,L,41%
3184,7,tighter,77,171,M,93%,S,44%
3185,8,perfect,84,176,L,91%,M,40%
3186,3,perfect,85,174,L,94%,M,45%
3187,3,looser,90,180,XL,96%,XXL,42%
3188,4,perfect,70,169,M,93%,S,39%
3189,6,looser,78,172,L,94%,M,44%
3190,2,tighter,82,173,M,92%,L,47%
3191,3,tighter,86,176,M,73%,L,67%
3193,2,looser,79,168,L,93%,M,46%
3194,6,perfect,98,184,XL,93%,L,45%
3196,0,looser,89,181,XL,96%,L,39%
3197,5,perfect,74,164,M,96%,S,38%
3198,2,tighter,83,177,M,84%,L,56%
3199,2,tighter,84,177,M,80%,L,60%
3200,2,looser,70,170,M,86%,L,54%
3201,9,tighter,83,177,M,84%,L,56%
3202,4,perfect,71,166,M,92%,S,39%
3204,4,tighter,81,173,M,93%,L,38%
3205,7,tighter,79,177,M,94%,L,43%
3206,6,looser,86,173,XL,75%,L,65%
3208,0,perfect,86,182,L,85%,XL,49%
3209,1,looser,81,182,L,71%,XL,67%
3210,3,looser,80,174,L,91%,XL,49%
3211,9,looser,84,174,L,72%,XL,68%
3212,5,looser,86,171,XL,69%,L,64%
3213,4,looser,85,176,XL,72%,L,58%
3214,2,tighter,87,183,L,86%,M,54%
3215,3,perfect,88,181,L,80%,XL,61%
3216,6,tighter,78,176,M,96%,L,42%
3217,8,perfect,88,175,L,86%,XL,44%
3218,4,tighter,84,170,M,90%,L,41%
3219,8,perfect,89,183,L,65%,XL,63%
3220,8,tighter,92,176,L,87%,M,43%
3221,5,tighter,82,172,M,93%,L,41%
3222,5,tighter,71,164,S,75%,M,58%
3223,0,looser,81,175,L,84%,XL,50%
3224,7,looser,86,176,XL,79%,L,60%
3225,3,tighter,73,160,S,78%,M,63%
3226,0,tighter,88,177,L,77%,M,58%
3227,8,perfect,87,178,L,85%,XL,45%
3228,9,tighter,65,164,S,91%,M,48%
3230,8,looser,74,168,L,66%,M,64%
3231,1,tighter,80,173,M,95%,L,42%
3232,8,looser,89,182,XL,95%,XXL,37%
3233,6,perfect,89,171,L,92%,XL,47%
3234,0,tighter,88,178,L,79%,M,56%
3235,0,tighter,92,184,L,93%,XL,42%
3236,2,tighter,85,179,M,71%,L,69%
3237,0,looser,74,163,M,78%,L,57%
3238,4,looser,85,173,XL,67%,L,63%
3239,2,perfect,80,171,L,71%,M,69%
3240,1,tighter,85,177,M,75%,L,63%
3241,8,tighter,80,169,M,94%,S,37%
3242,9,tighter,92,176,L,91%,M,49%
3243,4,tighter,85,178,M,69%,L,62%
3244,6,tighter,69,159,S,88%,M,51%
3246,9,perfect,75,165,M,96%,L,43%
3247,0,looser,92,176,XL,95%,XXL,39%
3248,7,perfect,95,187,XL,91%,L,47%
3249,6,tighter,79,172,M,97%,S,41%
3250,2,looser,86,181,XL,85%,L,55%
3251,3,tighter,80,172,M,96%,L,43%
3252,0,tighter,71,172,M,73%,S,62%
3253,4,perfect,76,173,M,83%,L,47%
3254,6,tighter,92,185,L,93%,XL,46%
3255,6,looser,82,177,L,77%,XL,63%
3256,8,looser,84,173,L,69%,XL,61%
3257,4,tighter,86,174,M,73%,L,57%
3258,2,perfect,83,171,L,86%,M,55%
3259,3,looser,83,179,XL,74%,L,67%
3260,2,perfect,95,187,XL,91%,L,48%
3261,2,looser,65,159,M,87%,S,54%
3262,8,perfect,72,166,M,92%,S,39%
3263,7,looser,95,184,XL,94%,L,38%
3264,3,looser,81,174,L,87%,XL,53%
3265,3,looser,73,171,L,72%,M,69%
3266,1,tighter,62,155,S,95%,M,37%
3267,4,looser,95,186,XL,93%,L,32%
3268,8,looser,70,165,M,89%,L,41%
3269,7,looser,99,182,XXL,78%,XL,60%
3270,4,looser,83,179,XL,68%,L,62%
3271,8,looser,81,171,L,87%,XL,43%
3272,7,tighter,82,173,M,92%,L,45%
3273,4,looser,95,178,XL,95%,L,35%
3275,1,looser,82,172,L,85%,XL,49%
3276,2,perfect,91,184,XL,79%,L,62%
3277,0,perfect,86,178,L,91%,XL,44%
3278,9,looser,95,180,XL,83%,XXL,57%
3279,5,looser,83,176,L,70%,XL,63%
3281,2,perfect,78,178,L,76%,M,65%
3282,1,tighter,81,176,M,92%,L,46%
3283,6,looser,82,172,L,86%,XL,54%
3285,6,looser,88,180,XL,89%,L,50%
3287,9,tighter,70,169,S,74%,M,66%
3290,5,looser,92,183,XL,95%,L,38%
3291,2,looser,80,172,L,93%,XL,47%
3292,4,looser,90,181,XL,92%,L,39%
3293,6,looser,76,167,L,80%,M,60%
3294,0,perfect,83,171,L,83%,M,51%
3295,7,perfect,77,169,M,88%,L,50%
3296,5,looser,79,176,L,91%,XL,43%
3298,3,tighter,75,171,M,89%,S,51%
3299,0,looser,91,177,XL,96%,XXL,39%
3300,6,tighter,99,186,L,95%,M,40%
3301,4,looser,73,168,M,70%,L,60%
3302,1,looser,81,177,L,82%,XL,56%
3303,9,looser,85,182,XL,89%,L,51%
3304,6,perfect,99,185,XL,95%,L,43%
3305,2,perfect,102,187,XL,95%,L,40%
3306,1,tighter,73,170,M,80%,S,58%
3307,2,tighter,87,181,L,83%,M,58%
3308,8,perfect,94,181,XL,85%,L,45%
3309,9,looser,81,173,L,88%,XL,51%
3310,3,tighter,70,164,S,81%,M,60%
3311,1,perfect,96,190,XL,94%,L,43%
3313,9,looser,83,176,L,73%,XL,67%
3314,8,looser,88,180,XL,92%,L,39%
3316,2,looser,77,175,L,95%,M,44%
3317,5,looser,85,174,XL,70%,L,63%
3318,4,perfect,78,170,M,79%,L,51%
3319,3,perfect,87,177,L,90%,XL,50%
3320,5,tighter,86,175,M,73%,L,60%
3321,0,perfect,88,182,L,76%,XL,59%
3322,7,tighter,96,188,L,72%,XL,66%
3323,0,perfect,78,169,M,83%,L,52%
3324,9,tighter,63,157,S,95%,M,38%
3325,2,looser,74,170,L,76%,M,64%
3326,5,looser,71,160,M,94%,L,40%
3327,8,tighter,91,183,L,92%,M,39%
3328,0,looser,95,190,XXL,73%,XL,61%
3329,0,looser,83,179,XL,71%,L,63%
3330,3,tighter,80,166,M,94%,S,45%
3331,4,perfect,90,184,XL,71%,L,59%
3332,8,perfect,74,171,M,91%,L,40%
3333,7,looser,55,154,S,94%,M,43%
3334,3,looser,68,162,M,96%,S,43%
3335,9,looser,72,161,M,91%,L,48%
3336,6,tighter,93,183,L,92%,XL,46%
3337,6,tighter,90,178,L,88%,M,51%
3338,8,perfect,87,174,L,90%,XL,41%
3339,9,looser,75,168,L,77%,M,63%
3340,9,looser,77,168,L,86%,M,54%
3341,3,looser,82,178,L,75%,XL,66%
3342,0,tighter,83,171,M,91%,L,43%
3343,8,tighter,88,176,L,72%,M,58%
3344,4,perfect,75,167,M,94%,L,38%
3345,5,tighter,82,174,M,91%,L,43%
3346,9,tighter,89,180,L,88%,M,52%
3347,7,tighter,79,172,M,97%,S,40%
3348,2,perfect,77,169,M,88%,L,52%
3349,2,perfect,83,167,L,78%,M,63%
3350,1,perfect,82,177,L,90%,M,48%
3351,2,tighter,77,173,M,95%,S,44%
3352,4,perfect,82,177,L,89%,M,42%
3353,3,perfect,78,175,M,72%,L,68%
3355,2,tighter,76,172,M,93%,S,46%
3356,6,looser,81,176,L,84%,XL,56%
3357,6,looser,81,177,L,82%,XL,58%
3358,2,perfect,88,177,L,87%,XL,54%
3359,6,perfect,86,181,L,88%,XL,51%
3360,3,tighter,71,166,S,75%,M,65%
3361,9,tighter,85,171,M,87%,L,53%
3362,5,looser,86,177,XL,78%,L,55%
3363,9,perfect,84,174,L,92%,M,47%
3364,8,looser,85,178,XL,78%,L,52%
3365,4,looser,90,173,XL,86%,L,44%
3366,3,perfect,84,174,L,92%,M,48%
3367,4,perfect,72,166,M,94%,S,37%
3368,1,perfect,83,177,L,92%,M,45%
3369,9,perfect,95,183,XL,93%,L,45%
3370,8,looser,83,184,XL,79%,L,51%
3371,5,perfect,82,175,L,86%,M,47%
3372,4,perfect,92,177,XL,68%,L,63%
3373,5,perfect,80,171,M,67%,L,65%
3374,7,tighter,87,180,L,80%,M,58%
3376,8,looser,89,184,XL,94%,XXL,38%
3377,7,tighter,66,167,S,87%,M,51%
3378,1,perfect,91,183,XL,76%,L,62%
3379,6,looser,70,161,M,95%,L,43%
3380,1,perfect,94,183,XL,85%,L,53%
3381,4,perfect,86,173,L,95%,M,37%
3382,8,tighter,79,172,M,95%,S,37%
3383,4,perfect,75,170,M,91%,L,40%
3384,6,looser,65,162,M,90%,S,49%
3385,7,tighter,84,176,M,82%,L,56%
3386,7,tighter,90,178,L,88%,M,50%
3387,4,perfect,72,169,M,96%,S,36%
3388,0,looser,76,172,L,87%,M,47%
3389,2,looser,82,169,L,90%,XL,50%
3390,2,perfect,89,181,L,74%,XL,66%
3391,5,looser,95,181,XL,95%,L,36%
3392,4,tighter,88,176,L,74%,M,57%
3393,8,perfect,89,180,L,72%,XL,58%
3394,5,perfect,80,173,L,72%,M,62%
3395,3,looser,76,174,L,91%,M,49%
3396,2,perfect,67,158,S,76%,M,65%
3397,1,perfect,75,166,M,95%,L,39%
3398,4,perfect,82,181,L,93%,M,38%
3399,0,tighter,89,175,L,77%,M,58%
3400,5,perfect,79,168,M,80%,L,53%
3401,2,looser,92,180,XL,95%,L,43%
3402,6,perfect,75,165,M,96%,L,42%
3403,7,looser,88,173,XL,81%,L,57%
3404,0,tighter,74,159,S,74%,M,61%
3405,8,tighter,70,163,S,83%,M,47%
3406,2,tighter,80,176,M,94%,L,46%
3407,3,looser,84,168,L,84%,XL,57%
3408,3,looser,82,178,L,75%,XL,66%
3409,8,perfect,82,180,L,90%,M,41%
3410,9,looser,80,177,L,86%,XL,54%
3411,1,perfect,87,175,L,92%,XL,45%
3412,7,looser,84,172,L,75%,XL,63%
3413,5,tighter,85,175,M,78%,L,55%
3414,0,perfect,78,175,M,69%,L,65%
3415,4,tighter,78,172,M,95%,S,36%
3417,6,looser,85,183,XL,84%,L,56%
3419,2,perfect,83,171,L,86%,M,55%
3420,8,perfect,92,182,XL,78%,L,51%
3421,8,tighter,77,166,M,84%,S,46%
3422,4,perfect,84,173,L,90%,M,41%
3423,7,looser,100,187,XL,63%,L,23%
3424,3,tighter,82,172,M,93%,L,46%
3425,8,looser,84,171,L,73%,XL,57%
3426,1,looser,95,182,XL,95%,L,38%
3427,1,tighter,89,178,L,84%,M,54%
3428,9,tighter,81,172,M,95%,L,44%
3429,1,tighter,86,181,L,77%,M,61%
3430,6,perfect,83,173,L,88%,M,52%
3431,1,looser,88,176,XL,85%,L,53%
3432,8,perfect,88,178,L,81%,XL,49%
3433,6,perfect,82,177,L,90%,M,49%
3434,2,looser,79,177,L,90%,XL,50%
3435,1,perfect,85,166,L,84%,M,54%
3436,6,perfect,80,173,L,74%,M,65%
3437,9,tighter,77,170,M,92%,S,46%
3438,6,tighter,90,182,L,93%,M,46%
3439,4,perfect,78,171,M,77%,L,53%
3440,0,looser,90,181,XL,95%,XXL,39%
3441,8,tighter,81,177,M,87%,L,43%
3442,7,tighter,76,170,M,90%,S,47%
3443,0,tighter,84,178,M,76%,L,58%
3444,3,looser,90,179,XL,97%,L,42%
3445,7,tighter,75,173,M,91%,S,46%
3446,5,perfect,86,177,L,92%,XL,41%
3447,8,tighter,83,179,M,76%,L,54%
3448,8,tighter,83,177,M,80%,L,50%
3449,0,tighter,74,172,M,86%,S,48%
3450,4,looser,93,183,XL,95%,L,35%
3451,8,tighter,103,191,XL,93%,L,38%
3452,5,tighter,81,174,M,93%,L,41%
3453,9,tighter,87,182,L,84%,M,56%
3454,7,looser,79,174,L,93%,XL,44%
3455,6,tighter,85,177,M,82%,L,56%
3456,8,looser,102,183,XXL,84%,XL,45%
3457,0,looser,86,178,XL,86%,L,49%
3458,2,tighter,91,183,L,95%,M,44%
3459,9,looser,78,164,L,84%,M,56%
3460,6,tighter,75,172,M,90%,S,49%
3461,8,tighter,74,171,M,81%,S,48%
3462,1,perfect,84,177,L,94%,M,40%
3463,1,looser,82,173,L,84%,XL,54%
3464,4,looser,79,168,L,92%,M,39%
3465,8,looser,86,185,XL,92%,L,39%
3466,5,looser,90,173,XL,86%,L,47%
3467,2,perfect,81,170,L,74%,M,67%
3468,4,tighter,90,181,L,91%,M,40%
3469,4,looser,80,177,L,84%,XL,46%
3470,5,tighter,102,188,XL,83%,L,50%
3471,7,tighter,94,181,L,92%,XL,45%
3472,0,looser,69,162,M,96%,L,39%
3473,7,looser,73,166,M,79%,L,59%
3474,2,looser,88,171,XL,80%,L,60%
3475,8,looser,68,163,M,95%,S,37%
3476,3,looser,89,184,XL,96%,XXL,43%
3477,1,perfect,75,171,M,91%,L,46%
3478,2,perfect,79,169,M,80%,L,61%
3479,8,perfect,89,176,L,80%,XL,50%
3480,3,perfect,85,184,L,87%,XL,53%
3481,4,perfect,88,178,L,83%,XL,48%
3482,7,looser,96,182,XL,94%,L,37%
3483,5,perfect,92,181,XL,75%,L,58%
3484,1,looser,76,169,L,84%,M,54%
3485,0,tighter,98,186,XL,70%,L,65%
3486,8,looser,94,182,XL,79%,XXL,50%
3487,5,perfect,77,174,M,77%,L,56%
3488,3,tighter,106,190,XL,96%,XXL,43%
3489,6,perfect,74,160,M,94%,S,45%
3491,7,looser,81,175,L,85%,XL,53%
3492,8,tighter,77,170,M,89%,S,41%
3493,0,perfect,85,177,L,94%,XL,41%
3494,3,looser,100,187,XXL,87%,XL,53%
3495,7,tighter,82,166,M,97%,L,40%
3496,5,looser,86,174,XL,74%,L,59%
3497,0,looser,83,176,L,71%,XL,64%
3498,0,tighter,94,179,L,93%,XL,42%
3499,3,tighter,91,187,L,92%,XL,47%
3500,6,tighter,64,171,S,87%,M,52%
3501,7,perfect,84,184,L,90%,XL,47%
3502,9,looser,97,183,XXL,73%,XL,67%
3503,7,tighter,82,175,M,90%,L,47%
3504,8,looser,78,169,L,88%,M,43%
3506,3,perfect,91,179,XL,72%,L,69%
3507,9,looser,84,177,XL,75%,L,65%
3508,5,tighter,74,170,M,83%,S,50%
3509,1,looser,68,167,M,95%,L,42%
3510,0,tighter,98,180,L,79%,XL,56%
3511,8,tighter,83,180,M,74%,L,56%
3512,5,tighter,86,174,M,75%,L,58%
3513,8,looser,88,177,XL,89%,L,42%
3514,0,tighter,82,171,M,93%,L,41%
3515,0,looser,79,170,L,94%,M,41%
3516,0,perfect,79,170,M,76%,L,59%
3517,9,looser,84,181,XL,83%,L,57%
3518,2,perfect,65,158,S,82%,M,59%
3519,1,perfect,82,176,L,89%,M,49%
3520,9,looser,78,178,L,92%,XL,47%
3521,1,tighter,87,180,L,80%,M,58%
3522,8,tighter,78,169,M,91%,S,40%
3523,3,looser,68,165,M,96%,L,43%
3524,7,perfect,89,177,L,82%,XL,56%
3525,3,perfect,90,168,L,92%,XL,48%
3526,8,tighter,92,186,L,88%,XL,43%
3527,1,looser,83,175,L,75%,XL,63%
3528,2,looser,88,182,XL,91%,L,49%
3529,1,tighter,76,171,M,91%,S,46%
3530,9,tighter,90,178,L,88%,M,52%
3531,8,looser,91,186,XL,86%,XXL,44%
3532,8,perfect,103,192,XXL,68%,XL,62%
3533,9,perfect,96,181,XL,94%,L,45%
3534,1,looser,86,173,XL,74%,L,64%
3535,6,looser,81,170,L,92%,XL,47%
3536,5,looser,83,177,L,68%,XL,66%
3537,6,looser,77,166,L,84%,M,56%
3538,4,tighter,91,181,L,93%,M,38%
3540,7,tighter,72,166,S,71%,M,67%
3542,6,looser,98,188,XL,79%,L,30%
3543,5,perfect,78,167,M,86%,L,47%
3544,6,looser,94,185,XL,95%,L,39%
3545,4,perfect,92,178,XL,69%,L,61%
3546,8,looser,80,168,L,92%,M,39%
3547,0,looser,74,167,M,69%,L,66%
3548,8,tighter,67,155,S,95%,M,35%
3549,3,perfect,96,187,XL,96%,XXL,42%
3550,0,perfect,96,182,XL,94%,L,41%
3551,1,tighter,91,188,L,92%,XL,46%
3552,5,tighter,93,181,L,93%,XL,40%
3553,3,perfect,93,175,XL,74%,L,67%
3554,7,perfect,72,167,M,95%,S,42%
3555,1,perfect,90,182,XL,71%,L,67%
3556,3,looser,75,169,L,79%,M,62%
3557,4,perfect,82,170,L,76%,M,55%
3558,5,looser,92,182,XL,95%,L,38%
3559,3,perfect,78,164,M,91%,L,49%
3560,2,perfect,79,177,L,79%,M,62%
3561,1,looser,71,160,M,94%,L,43%
3562,8,looser,77,173,L,89%,M,41%
3563,0,looser,87,175,XL,85%,L,50%
3565,2,perfect,83,175,L,91%,M,49%
3566,5,perfect,92,180,XL,73%,L,60%
3567,3,perfect,86,168,L,91%,M,49%
3568,2,looser,93,180,FALSE,0%,FALSE,0%
3569,9,tighter,76,168,M,86%,S,47%
3570,0,perfect,78,169,M,83%,L,52%
3571,8,perfect,73,164,M,92%,S,39%
3572,0,perfect,89,174,L,86%,XL,48%
3573,6,looser,80,175,L,90%,XL,50%
3574,2,perfect,87,183,L,80%,XL,60%
3575,1,tighter,94,183,L,90%,XL,48%
3576,5,looser,83,173,L,77%,XL,56%
3577,0,tighter,93,178,L,94%,M,41%
3578,6,tighter,96,184,L,82%,XL,58%
3579,9,tighter,89,179,L,85%,M,48%
3580,0,perfect,88,177,L,85%,XL,49%
3581,3,perfect,85,177,L,94%,XL,45%
3582,5,looser,76,171,L,86%,M,47%
3583,0,tighter,73,168,M,74%,S,61%
3585,9,tighter,85,182,L,72%,M,61%
3587,4,looser,71,161,M,93%,L,39%
3588,9,tighter,80,175,M,94%,L,45%
3589,4,tighter,94,185,L,85%,XL,45%
3590,2,perfect,78,170,M,82%,L,58%
3592,5,looser,73,171,L,68%,M,65%
3593,5,looser,83,175,L,73%,XL,60%
3594,9,perfect,88,181,L,80%,XL,61%
3595,3,tighter,78,170,M,94%,S,45%
3596,5,looser,79,170,L,94%,M,40%
3597,6,perfect,101,188,XL,96%,L,40%
3598,0,perfect,95,175,XL,82%,L,53%
3599,8,perfect,87,177,L,86%,XL,44%
3600,7,perfect,77,164,M,93%,L,44%
3601,6,looser,69,161,M,97%,L,41%
3602,0,looser,80,168,L,94%,M,40%
3603,0,tighter,89,175,L,77%,M,58%
3604,4,perfect,69,165,M,84%,S,46%
3605,5,looser,83,177,L,68%,XL,66%
3606,3,looser,77,166,L,83%,M,57%
3607,4,looser,72,165,M,84%,L,47%
3608,5,perfect,83,168,L,77%,M,56%
3609,5,perfect,101,184,XL,95%,L,37%
3610,5,looser,69,161,M,96%,L,37%
3611,1,tighter,83,173,M,90%,L,48%
3612,8,looser,86,175,XL,77%,L,53%
3613,1,perfect,77,175,M,77%,L,61%
3614,3,looser,79,165,L,90%,M,50%
3615,2,looser,87,181,XL,88%,L,52%
3616,9,tighter,102,184,XL,85%,L,55%
3617,2,tighter,78,176,M,96%,L,42%
3618,3,looser,91,173,XL,95%,L,44%
3620,5,looser,95,182,XL,95%,L,35%
3621,8,perfect,79,176,L,71%,M,59%
3622,7,looser,95,176,XL,88%,XXL,49%
3623,8,tighter,88,180,L,80%,M,50%
3624,0,perfect,86,174,L,94%,XL,40%
3625,0,perfect,75,175,M,85%,L,50%
3626,6,perfect,94,185,XL,87%,L,52%
3627,8,tighter,96,178,L,87%,XL,43%
3628,3,perfect,77,172,M,83%,L,57%
3629,7,tighter,95,177,L,94%,XL,44%
3630,9,tighter,84,172,M,87%,L,46%
3631,4,looser,84,170,L,77%,XL,54%
3632,0,looser,86,174,XL,78%,L,57%
3633,6,looser,87,173,XL,79%,L,61%
3634,7,looser,80,168,L,95%,M,42%
3635,5,looser,80,181,L,77%,XL,56%
3637,8,perfect,81,172,L,73%,M,57%
3638,0,perfect,89,177,L,81%,XL,54%
3639,3,perfect,85,169,L,89%,M,51%
3640,3,looser,94,183,XL,82%,XXL,58%
3641,9,tighter,88,175,L,74%,M,66%
3642,6,perfect,81,176,L,85%,M,55%
3643,5,perfect,77,177,M,70%,L,63%
3644,4,perfect,87,178,L,87%,XL,44%
3645,4,perfect,102,189,XL,94%,L,33%
3646,9,tighter,73,169,M,78%,S,62%
3647,4,perfect,85,178,L,93%,XL,39%
3648,7,looser,75,165,L,69%,M,67%
3649,4,looser,83,168,L,86%,XL,44%
3650,3,perfect,81,177,L,87%,M,54%
3651,0,perfect,95,183,XL,93%,L,42%
3652,4,tighter,81,177,M,89%,L,42%
3653,4,perfect,86,183,L,82%,XL,48%
3654,7,tighter,93,184,L,91%,XL,46%
3655,3,looser,89,184,XL,96%,XXL,43%
3656,3,perfect,74,168,M,95%,L,43%
3657,3,tighter,78,171,M,95%,S,44%
3659,2,looser,84,178,XL,75%,L,65%
3661,3,looser,100,186,XXL,86%,XL,54%
3662,4,tighter,76,172,M,92%,S,39%
3664,3,perfect,85,171,L,91%,M,48%
3665,1,looser,59,158,S,82%,M,56%
3666,3,looser,85,175,XL,77%,L,64%
3667,1,tighter,77,172,M,94%,S,43%
3668,5,tighter,79,173,M,96%,L,37%
3669,0,perfect,95,183,XL,93%,L,42%
3670,9,looser,113,195,XXL,63%,XL,24%
3671,9,perfect,85,171,L,91%,M,48%
3672,9,looser,82,170,L,88%,XL,46%
3674,6,tighter,78,172,M,96%,S,43%
3675,2,tighter,74,165,M,75%,S,65%
3676,4,perfect,94,176,XL,74%,L,56%
3677,0,looser,89,178,XL,94%,L,40%
3678,9,looser,71,167,M,87%,L,53%
3679,6,perfect,79,168,M,82%,L,58%
3680,1,perfect,74,168,M,96%,L,41%
3681,7,tighter,81,177,M,90%,L,47%
3682,5,perfect,82,174,L,84%,M,49%
3683,8,tighter,74,170,M,80%,S,50%
3684,9,looser,82,174,L,81%,XL,52%
3685,7,looser,74,170,L,75%,M,63%
3686,8,looser,71,162,M,90%,L,41%
3687,4,perfect,88,177,L,84%,XL,46%
3688,5,tighter,92,184,L,93%,XL,41%
3689,7,looser,89,181,XL,91%,L,46%
3690,0,perfect,80,168,M,75%,L,60%
3691,3,tighter,82,173,M,92%,L,47%
3692,4,perfect,90,176,L,76%,XL,54%
3694,4,looser,98,183,XL,87%,L,30%
3695,6,perfect,91,181,XL,74%,L,66%
3696,2,tighter,101,187,XL,82%,L,59%
3697,1,perfect,79,178,L,79%,M,59%
3698,1,tighter,97,183,L,77%,XL,57%
3699,3,perfect,80,175,L,79%,M,62%
3700,6,perfect,92,176,L,95%,M,41%
3002,2,tighter,82,172,M,93%,L,46%
3003,5,tighter,74,168,M,79%,S,55%
3004,1,tighter,90,176,L,85%,M,53%
3005,4,looser,78,167,L,88%,M,43%
3006,4,looser,87,173,XL,76%,L,55%
3007,8,tighter,95,191,L,66%,XL,64%
3010,8,perfect,73,168,M,95%,L,37%
3011,6,perfect,73,164,M,95%,S,43%
3012,9,tighter,81,176,M,91%,L,48%
3013,7,looser,83,172,L,81%,XL,57%
3014,8,looser,76,171,L,83%,M,47%
3015,7,tighter,85,176,M,77%,L,61%
3016,7,tighter,94,184,L,88%,XL,49%
3017,3,looser,82,171,L,88%,XL,53%
3018,0,looser,88,177,XL,91%,L,43%
3019,2,tighter,97,182,L,81%,XL,60%
3020,4,perfect,76,165,M,94%,L,38%
3021,8,tighter,66,152,S,92%,M,32%
3022,5,perfect,86,181,L,87%,XL,46%
3023,0,looser,91,175,XL,96%,L,39%
3024,3,perfect,95,186,XL,95%,L,43%
3025,8,perfect,81,174,L,77%,M,53%
3026,5,perfect,94,188,XL,89%,L,44%
3027,5,tighter,78,171,M,95%,S,39%
3028,8,looser,85,173,XL,67%,L,63%
3029,8,tighter,84,176,M,78%,L,52%
3030,9,looser,69,174,M,84%,L,56%
3031,2,tighter,80,169,M,96%,S,42%
3032,4,looser,83,175,L,71%,XL,59%
3033,9,tighter,80,170,M,96%,S,42%
3034,1,tighter,73,165,S,70%,M,68%
3035,8,looser,95,181,XL,76%,XXL,54%
3036,3,perfect,78,174,M,74%,L,66%
3037,0,perfect,88,177,L,85%,XL,49%
3038,3,looser,97,187,XXL,79%,XL,62%
3039,5,looser,82,175,L,79%,XL,54%
3040,5,looser,87,174,XL,78%,L,55%
3041,8,tighter,74,172,M,83%,S,47%
3042,4,perfect,80,167,M,75%,L,55%
3043,8,perfect,70,164,M,84%,S,46%
3044,5,looser,86,178,XL,80%,L,53%
3045,8,perfect,89,181,L,70%,XL,60%
3046,6,looser,82,180,L,95%,M,42%
3047,4,tighter,71,165,S,72%,M,58%
3048,1,perfect,83,176,FALSE,0%,FALSE,0%
3049,7,perfect,89,178,L,80%,XL,58%
3050,0,perfect,83,173,L,87%,M,48%
3051,6,tighter,74,175,M,85%,S,53%
3052,5,perfect,85,179,L,92%,XL,41%
3053,0,perfect,89,176,L,83%,XL,52%
3054,8,looser,86,177,XL,81%,L,49%
3055,8,looser,81,171,L,87%,XL,43%
3056,6,perfect,75,163,M,97%,L,41%
3057,3,perfect,86,169,L,92%,M,48%
3058,3,perfect,90,178,L,76%,XL,65%
3059,6,looser,76,169,L,84%,M,56%
3060,5,tighter,61,156,S,95%,M,36%
3061,8,looser,87,173,XL,78%,L,51%
3064,3,tighter,81,177,M,90%,L,49%
3065,9,tighter,81,175,M,92%,L,47%
3066,9,tighter,92,179,L,93%,M,45%
3068,0,perfect,82,173,L,82%,M,52%
3069,0,looser,86,178,XL,86%,L,49%
3070,5,looser,87,183,XL,88%,L,45%
3071,4,perfect,90,181,XL,66%,L,64%
3072,2,tighter,80,174,M,95%,L,44%
3073,7,tighter,73,168,M,75%,S,63%
3074,3,tighter,93,175,L,92%,M,48%
3075,9,perfect,83,174,L,89%,M,51%
3077,2,tighter,77,166,M,89%,S,51%
3078,2,tighter,94,179,L,94%,XL,45%
3079,7,looser,94,182,XL,96%,L,39%
3080,8,tighter,96,180,L,84%,XL,46%
3081,4,looser,86,177,XL,78%,L,53%
3082,8,perfect,90,176,L,75%,XL,55%
3083,8,looser,89,183,XL,94%,XXL,37%
3084,6,tighter,86,167,M,90%,L,50%
3085,0,looser,75,167,L,72%,M,62%
3086,5,tighter,92,179,L,93%,M,40%
3087,9,perfect,75,165,M,96%,L,43%
3088,0,looser,96,178,XL,80%,XXL,55%
3089,6,looser,66,162,M,93%,S,46%
3090,8,tighter,80,169,M,94%,S,37%
3091,5,perfect,108,188,XL,75%,L,27%
3092,0,looser,95,175,XL,89%,XXL,45%
3093,5,tighter,88,177,L,76%,M,57%
3094,1,tighter,76,171,M,91%,S,46%
3095,0,perfect,96,189,XL,95%,XXL,40%
3096,1,tighter,81,178,M,89%,L,49%
3097,7,perfect,80,174,L,76%,M,62%
3098,1,looser,80,172,L,93%,XL,45%
3099,9,tighter,90,179,L,89%,M,50%
3100,8,perfect,85,178,L,91%,XL,40%
3102,5,looser,87,180,XL,85%,L,48%
3103,5,looser,71,162,M,92%,L,41%
3104,1,tighter,90,179,L,89%,M,49%
3105,6,perfect,83,176,L,80%,M,58%
3106,4,looser,82,173,L,82%,XL,48%
3107,6,tighter,79,170,M,96%,S,42%
3108,1,tighter,81,169,M,96%,L,41%
3109,2,perfect,82,177,L,91%,M,49%
3110,3,tighter,70,169,S,74%,M,66%
3111,3,perfect,92,179,XL,77%,L,63%
3112,5,perfect,73,163,M,94%,S,40%
3113,4,tighter,65,165,S,89%,M,42%
3114,1,tighter,80,173,M,95%,L,42%
3115,7,looser,93,182,XL,95%,L,40%
3116,5,tighter,83,174,M,88%,L,45%
3117,0,looser,84,180,XL,79%,L,55%
3118,6,looser,87,180,XL,87%,L,53%
3119,8,perfect,93,182,XL,83%,L,47%
3120,9,looser,73,166,M,79%,L,61%
3121,9,perfect,87,173,L,94%,XL,45%
3122,5,perfect,82,178,L,90%,M,43%
3124,0,looser,91,184,XL,91%,XXL,43%
3125,2,tighter,87,180,L,81%,M,59%
3126,9,tighter,77,173,M,95%,S,44%
3127,0,looser,90,181,XL,95%,XXL,39%
3128,6,perfect,86,174,L,95%,XL,43%
3129,9,perfect,87,176,L,91%,XL,48%
3130,8,tighter,89,177,L,78%,M,52%
3131,9,tighter,83,174,M,89%,L,51%
3132,2,perfect,81,168,M,71%,L,69%
3133,9,perfect,96,178,XL,91%,L,48%
3134,0,perfect,90,183,XL,73%,L,62%
3135,3,looser,85,178,XL,83%,L,58%
3136,2,perfect,70,165,M,90%,S,50%
3138,7,tighter,93,177,L,94%,M,43%
3139,0,tighter,93,186,L,88%,XL,47%
3140,9,tighter,70,161,S,84%,M,56%
3141,1,perfect,58,158,S,94%,M,42%
3142,3,looser,90,183,XL,95%,XXL,44%
3143,8,tighter,100,188,XL,80%,L,49%
3144,2,tighter,97,178,L,88%,XL,52%
3145,8,perfect,90,183,XL,70%,L,59%
3146,0,looser,78,172,L,93%,M,41%
3147,8,tighter,83,172,M,88%,L,43%
3148,5,perfect,85,181,L,90%,XL,43%
3149,9,looser,98,185,XXL,79%,XL,61%
3150,4,looser,86,176,XL,76%,L,54%
3151,3,looser,84,171,L,78%,XL,62%
3152,6,looser,81,171,L,91%,XL,48%
3153,2,perfect,67,161,S,71%,M,69%
3154,5,perfect,78,165,M,89%,L,44%
3155,2,perfect,86,176,L,93%,XL,46%
3156,0,looser,84,175,XL,68%,L,66%
3157,6,tighter,84,175,M,88%,L,50%
3158,5,looser,77,175,L,94%,M,40%
3159,6,perfect,87,171,L,95%,M,43%
3160,4,perfect,68,166,M,81%,S,49%
3161,2,perfect,78,176,L,71%,M,69%
3162,4,tighter,70,164,S,77%,M,53%
3163,7,tighter,86,174,M,77%,L,61%
3164,8,tighter,81,170,M,94%,L,38%
3165,9,tighter,75,170,M,87%,S,52%
3166,3,tighter,85,170,M,88%,L,52%
3167,4,looser,87,179,XL,84%,L,46%
3168,9,looser,79,166,L,91%,M,48%
3169,0,looser,71,170,M,80%,L,54%
3170,7,looser,78,169,L,91%,M,46%
3171,2,tighter,92,182,L,95%,XL,44%
3172,6,tighter,73,162,S,75%,M,65%
3173,9,tighter,66,156,S,94%,M,45%
3174,9,tighter,90,180,L,90%,M,49%
3175,1,tighter,75,169,M,86%,S,52%
3176,7,looser,75,175,L,89%,M,49%
3177,5,perfect,84,171,L,87%,M,46%
3178,7,perfect,95,181,XL,86%,L,53%
3179,2,perfect,91,182,XL,76%,L,65%
3180,2,looser,97,186,XL,88%,L,35%
3181,1,looser,72,162,M,90%,L,48%
3182,4,tighter,87,180,L,78%,M,52%
3183,5,looser,91,178,XL,92%,L,41%
3184,1,tighter,77,171,M,93%,S,44%
3185,5,perfect,84,176,L,93%,M,40%
3186,9,perfect,85,174,L,94%,M,45%
3187,3,looser,90,180,XL,96%,XXL,42%
3188,3,perfect,70,169,M,93%,S,46%
3189,2,looser,78,172,L,94%,M,45%
3190,0,tighter,82,173,M,92%,L,43%
3191,3,tighter,86,176,M,73%,L,67%
3192,8,tighter,84,177,M,76%,L,54%
3194,7,perfect,98,184,XL,93%,L,44%
3195,7,tighter,85,181,L,72%,M,66%
3196,3,looser,89,181,XL,96%,L,42%
3198,6,tighter,83,177,M,85%,L,55%
3199,2,tighter,84,177,M,80%,L,60%
3200,3,looser,70,170,M,86%,L,54%
3201,0,tighter,83,177,M,83%,L,52%
3202,2,perfect,71,166,M,93%,S,46%
3203,4,tighter,62,163,S,94%,M,37%
3204,9,tighter,81,173,M,94%,L,45%
3205,2,tighter,79,177,M,94%,L,45%
3207,7,tighter,82,171,M,94%,L,43%
3209,6,looser,81,182,L,72%,XL,68%
3210,1,looser,80,174,L,91%,XL,47%
3211,5,looser,84,174,L,68%,XL,65%
3212,3,looser,86,171,XL,74%,L,67%
3213,4,looser,85,176,XL,72%,L,58%
3214,8,tighter,87,183,L,81%,M,49%
3215,1,perfect,88,181,L,79%,XL,59%
3216,0,tighter,78,176,M,96%,L,39%
3218,0,tighter,84,170,M,90%,L,45%
3219,4,perfect,89,183,XL,66%,L,64%
3220,1,tighter,92,176,L,91%,M,47%
3221,5,tighter,82,172,M,93%,L,41%
3222,8,tighter,71,164,S,77%,M,53%
3223,0,looser,81,175,L,84%,XL,50%
3224,0,looser,86,176,XL,82%,L,52%
3225,0,tighter,73,160,S,75%,M,59%
3226,8,tighter,88,177,L,74%,M,56%
3227,1,perfect,87,178,L,89%,XL,49%
3228,5,tighter,65,164,S,90%,M,43%
3230,8,looser,74,168,L,66%,M,64%
3232,6,looser,89,182,L,87%,M,34%
3233,5,perfect,89,171,L,91%,XL,43%
3234,5,tighter,88,178,L,79%,M,54%
3235,3,tighter,92,184,L,93%,XL,46%
3236,0,tighter,85,179,M,69%,L,66%
3237,2,looser,74,163,M,80%,L,61%
3238,4,looser,85,173,XL,67%,L,63%
3239,7,perfect,80,171,M,69%,L,67%
3240,8,tighter,85,177,M,71%,L,59%
3241,2,tighter,80,169,M,96%,S,42%
3242,0,tighter,92,176,L,90%,M,45%
3244,4,tighter,69,159,S,86%,M,44%
3245,9,looser,94,180,XL,87%,XXL,53%
3246,9,perfect,75,165,M,96%,L,43%
3247,6,looser,92,176,L,83%,M,32%
3248,0,perfect,95,187,XL,96%,L,39%
3249,2,tighter,79,172,M,97%,S,42%
3250,1,looser,86,181,XL,85%,L,54%
3251,5,tighter,80,172,M,96%,L,38%
3252,0,tighter,71,172,M,73%,S,62%
3253,3,perfect,76,173,M,86%,L,55%
3254,1,tighter,92,185,L,92%,XL,45%
3255,5,looser,82,177,L,74%,XL,59%
3256,9,looser,84,173,L,74%,XL,66%
3257,4,tighter,86,174,M,73%,L,57%
3258,6,perfect,83,171,L,85%,M,55%
3259,8,looser,83,179,XL,69%,L,61%
3260,1,perfect,95,187,XL,91%,L,47%
3261,1,looser,65,159,M,86%,S,53%
3262,4,perfect,72,166,M,94%,S,37%
3263,2,looser,95,184,XL,95%,L,39%
3264,6,looser,81,174,L,87%,XL,52%
3266,9,tighter,62,155,S,96%,M,41%
3267,7,looser,95,186,XL,93%,L,37%
3268,0,looser,70,165,M,92%,L,43%
3269,1,looser,99,182,XL,85%,L,31%
3270,1,looser,83,179,XL,70%,L,65%
3271,6,looser,81,171,L,91%,XL,48%
3272,2,tighter,82,173,M,92%,L,47%
3274,7,perfect,88,179,L,83%,XL,55%
3275,0,looser,82,172,L,85%,XL,50%
3276,9,perfect,91,184,XL,82%,L,58%
3277,4,perfect,86,178,L,90%,XL,41%
3278,2,looser,95,180,XL,96%,L,40%
3279,0,looser,83,176,L,71%,XL,64%
3280,5,perfect,83,166,L,72%,M,61%
3281,4,perfect,78,178,L,71%,M,59%
3282,5,tighter,81,176,M,91%,L,42%
3284,8,tighter,89,184,L,89%,M,41%
3285,7,looser,88,180,XL,89%,L,49%
3286,8,tighter,114,199,XXL,76%,XL,54%
3287,2,tighter,70,169,S,74%,M,67%
3288,0,tighter,88,175,L,72%,M,63%
3289,3,perfect,79,172,M,74%,L,67%
3290,4,looser,92,183,XL,95%,L,36%
3291,7,looser,80,172,L,93%,XL,45%
3292,5,looser,90,181,XL,92%,L,41%
3293,3,looser,76,167,L,80%,M,60%
3294,4,perfect,83,171,L,83%,M,47%
3295,7,perfect,77,169,M,88%,L,50%
3296,2,looser,79,176,L,91%,XL,48%
3297,4,perfect,70,165,M,88%,S,43%
3298,5,tighter,75,171,M,88%,S,45%
3299,7,looser,91,177,XL,92%,L,45%
3300,8,tighter,99,186,XL,72%,L,58%
3301,8,looser,73,168,M,70%,L,60%
3302,2,looser,81,177,L,82%,XL,59%
3303,1,looser,85,182,XL,83%,L,55%
3304,9,perfect,99,185,XL,93%,XXL,45%
3305,2,perfect,102,187,XL,95%,L,40%
3307,1,tighter,87,181,FALSE,0%,FALSE,0%
3309,6,looser,81,173,L,89%,XL,51%
3310,5,tighter,70,164,S,79%,M,55%
3311,0,perfect,96,190,XL,95%,XXL,40%
3312,5,perfect,73,172,M,94%,L,39%
3313,7,looser,83,176,L,72%,XL,66%
3314,0,looser,88,180,XL,94%,L,41%
3315,2,looser,86,175,XL,78%,L,62%
3316,6,looser,77,175,L,84%,M,55%
3317,1,looser,85,174,XL,72%,L,66%
3318,4,perfect,78,170,M,79%,L,51%
3319,3,perfect,87,177,L,90%,XL,50%
3320,7,tighter,86,175,M,75%,L,63%
3321,5,perfect,88,182,L,75%,XL,58%
3322,8,tighter,96,188,L,68%,XL,62%
3323,6,perfect,78,169,M,84%,L,55%
3324,4,tighter,63,157,S,95%,M,36%
3325,2,looser,74,170,L,76%,M,64%
3326,7,looser,71,160,M,94%,L,43%
3327,7,tighter,91,183,L,95%,M,42%
3328,3,looser,95,190,XXL,76%,XL,65%
3329,5,looser,83,179,XL,69%,L,64%
3331,3,perfect,90,184,XL,78%,L,63%
3332,3,perfect,74,171,M,93%,L,46%
3333,1,looser,55,154,S,94%,M,43%
3334,3,looser,68,162,M,96%,S,43%
3335,4,looser,72,161,M,90%,L,41%
3336,8,tighter,93,183,L,89%,XL,42%
3337,8,tighter,90,178,L,84%,M,46%
3338,1,perfect,87,174,L,93%,XL,44%
3339,9,looser,75,168,L,77%,M,63%
3340,7,looser,77,168,L,86%,M,52%
3341,6,looser,82,178,L,75%,XL,65%
3342,9,tighter,83,171,M,92%,L,47%
3343,3,tighter,88,176,L,77%,M,64%
3344,4,perfect,75,167,M,94%,L,38%
3345,4,tighter,82,174,M,90%,L,41%
3346,2,tighter,89,180,L,88%,M,52%
3347,3,tighter,79,172,M,96%,S,42%
3348,6,perfect,77,169,M,88%,L,51%
3350,7,perfect,82,177,L,90%,M,48%
3351,4,tighter,77,173,M,95%,S,37%
3352,1,perfect,82,177,L,90%,M,48%
3353,6,perfect,78,175,M,72%,L,68%
3354,7,looser,91,177,XL,92%,L,45%
3355,2,tighter,76,172,M,93%,S,46%
3356,7,looser,81,176,L,84%,XL,54%
3357,9,looser,81,177,L,82%,XL,58%
3358,4,perfect,88,177,L,84%,XL,46%
3360,9,tighter,71,166,S,75%,M,65%
3361,9,tighter,85,171,M,87%,L,53%
3362,0,looser,86,177,XL,84%,L,51%
3363,7,perfect,84,174,L,92%,M,46%
3364,7,looser,85,178,XL,78%,L,61%
3365,6,looser,90,173,XL,88%,L,52%
3366,7,perfect,84,174,L,92%,M,46%
3367,0,perfect,72,166,M,94%,S,41%
3368,5,perfect,83,177,L,92%,M,42%
3370,1,looser,83,184,XL,79%,L,60%
3372,3,perfect,92,177,XL,73%,L,68%
3373,0,perfect,80,171,M,67%,L,65%
3375,8,perfect,79,165,M,83%,L,47%
3376,3,looser,89,184,XL,96%,XXL,43%
3377,8,tighter,66,167,S,90%,M,41%
3378,3,perfect,91,183,XL,80%,L,60%
3379,7,looser,70,161,M,95%,L,42%
3380,2,perfect,94,183,XL,86%,L,55%
3381,2,perfect,86,173,L,95%,M,44%
3382,1,tighter,79,172,M,97%,S,40%
3383,8,perfect,75,170,M,89%,L,41%
3384,6,looser,65,162,M,90%,S,49%
3385,1,tighter,84,176,M,82%,L,56%
3386,2,tighter,90,178,L,89%,M,51%
3387,0,perfect,72,169,M,96%,S,39%
3388,8,looser,76,172,L,85%,M,45%
3390,6,perfect,89,181,L,75%,XL,65%
3391,7,looser,95,181,XL,95%,L,39%
3392,0,tighter,88,176,L,74%,M,60%
3393,7,perfect,89,180,L,76%,XL,62%
3394,2,perfect,80,173,L,75%,M,65%
3395,2,looser,76,174,L,92%,M,48%
3396,5,perfect,67,158,S,73%,M,60%
3397,9,perfect,75,166,M,95%,L,43%
3398,4,perfect,82,181,L,93%,M,38%
3399,6,tighter,89,175,L,79%,M,61%
3400,5,perfect,79,168,M,80%,L,53%
3401,3,looser,92,180,XL,93%,XXL,46%
3403,4,looser,88,173,XL,80%,L,51%
3404,8,tighter,74,159,S,74%,M,56%
3405,3,tighter,70,163,S,82%,M,59%
3406,2,tighter,80,176,M,94%,L,46%
3407,1,looser,84,168,L,84%,XL,54%
3409,2,perfect,82,180,L,93%,M,46%
3410,6,looser,80,177,L,87%,XL,53%
3411,0,perfect,87,175,L,91%,XL,43%
3412,1,looser,84,172,L,75%,XL,63%
3413,5,tighter,85,175,M,78%,L,55%
3415,8,tighter,78,172,M,93%,S,38%
3416,4,looser,79,171,L,95%,XL,37%
3417,9,looser,85,183,XL,90%,L,50%
3418,7,looser,81,168,L,94%,XL,44%
3419,9,perfect,83,171,L,85%,M,55%
3420,8,perfect,92,182,XL,78%,L,51%
3421,2,tighter,77,166,M,89%,S,51%
3422,1,perfect,84,173,L,91%,M,47%
3424,8,tighter,82,172,M,90%,L,41%
3425,2,looser,84,171,L,78%,XL,63%
3426,2,looser,95,182,XL,95%,L,40%
3427,8,tighter,89,178,L,80%,M,50%
3428,3,tighter,81,172,M,95%,L,44%
3429,5,tighter,86,181,L,76%,M,58%
3430,1,perfect,83,173,L,88%,M,50%
3432,9,perfect,88,178,L,83%,XL,50%
3433,8,perfect,82,177,L,86%,M,44%
3434,8,looser,79,177,L,86%,XL,44%
3435,3,perfect,85,166,L,84%,M,56%
3436,1,perfect,80,173,L,72%,M,62%
3437,4,tighter,77,170,M,92%,S,39%
3438,6,tighter,90,182,L,93%,M,46%
3439,0,perfect,78,171,M,79%,L,56%
3440,1,looser,90,181,XL,93%,L,44%
3441,2,tighter,81,177,M,91%,L,49%
3442,2,tighter,76,170,M,91%,S,49%
3443,0,tighter,84,178,M,76%,L,58%
3444,0,looser,90,179,XL,96%,L,38%
3445,4,tighter,75,173,M,91%,S,40%
3446,8,perfect,86,177,L,89%,XL,41%
3447,8,tighter,83,179,M,76%,L,54%
3448,6,tighter,83,177,M,88%,L,50%
3449,0,tighter,74,172,M,86%,S,48%
3450,0,looser,93,183,XL,85%,XXL,49%
3451,8,tighter,103,191,XL,93%,L,38%
3452,2,tighter,81,174,M,93%,L,46%
3453,8,tighter,87,182,L,79%,M,50%
3454,4,looser,79,174,L,92%,XL,39%
3455,6,tighter,85,177,M,76%,L,64%
3456,8,looser,102,183,XXL,84%,XL,45%
3457,6,looser,86,178,XL,82%,L,58%
3458,0,tighter,91,183,L,94%,M,40%
3459,1,looser,78,164,L,84%,M,54%
3460,9,tighter,75,172,M,90%,S,49%
3461,9,tighter,74,171,M,86%,S,54%
3462,4,perfect,84,177,L,94%,M,38%
3463,1,looser,82,173,L,83%,XL,51%
3464,3,looser,79,168,L,93%,M,47%
3465,3,looser,86,185,XL,94%,L,45%
3466,2,looser,90,173,XL,88%,L,52%
3467,6,perfect,81,170,L,73%,M,67%
3468,2,tighter,90,181,L,92%,M,47%
3469,2,looser,80,177,L,87%,XL,54%
3470,2,tighter,102,188,XL,86%,L,55%
3471,0,tighter,94,181,L,91%,XL,43%
3472,7,looser,69,162,M,96%,L,41%
3473,3,looser,73,166,M,79%,L,61%
3474,2,looser,88,171,XL,80%,L,60%
3475,0,looser,68,163,M,96%,S,38%
3476,9,looser,89,184,XL,95%,XXL,38%
3477,5,perfect,75,171,M,91%,L,43%
3478,0,perfect,79,169,M,78%,L,57%
3479,2,perfect,89,176,L,84%,XL,56%
3480,0,perfect,85,184,L,86%,XL,49%
3481,1,perfect,88,178,L,84%,XL,50%
3482,2,looser,96,182,FALSE,0%,FALSE,0%
3483,6,perfect,92,181,XL,77%,L,63%
3484,7,looser,76,169,L,84%,M,54%
3485,0,tighter,98,186,XL,70%,L,65%
3486,9,looser,94,182,XL,84%,XXL,56%
3487,8,perfect,77,174,M,75%,L,55%
3488,2,tighter,106,190,XL,93%,L,46%
3489,9,perfect,74,160,M,93%,S,40%
3490,1,perfect,85,180,L,92%,XL,45%
3492,7,tighter,77,170,M,93%,S,45%
3493,7,perfect,85,177,L,94%,XL,43%
3495,0,tighter,82,166,M,96%,L,38%
3496,2,looser,86,174,XL,77%,L,64%
3497,5,looser,83,176,L,70%,XL,63%
3498,7,tighter,94,179,L,93%,XL,43%
3499,8,tighter,91,187,L,89%,XL,41%
3500,4,tighter,64,171,S,85%,M,45%
3501,4,perfect,84,184,L,89%,XL,42%
3502,4,looser,97,183,XL,90%,L,31%
3503,7,tighter,82,175,M,90%,L,47%
3504,1,looser,78,169,L,91%,M,46%
3506,6,perfect,91,179,XL,71%,L,69%
3507,1,looser,84,177,XL,72%,L,66%
3508,0,tighter,74,170,M,83%,S,52%
3509,8,looser,68,167,M,92%,L,39%
3510,7,tighter,98,180,L,80%,XL,58%
3511,9,tighter,83,180,M,79%,L,62%
3512,8,tighter,86,174,M,73%,L,57%
3513,5,looser,88,177,XL,85%,L,48%
3514,5,tighter,82,171,M,94%,L,40%
3515,4,looser,79,170,L,94%,M,37%
3516,8,perfect,79,170,M,73%,L,57%
3517,5,looser,84,181,XL,76%,L,57%
3518,5,perfect,65,158,S,80%,M,53%
3520,8,looser,78,178,L,89%,XL,42%
3522,7,tighter,78,169,M,94%,S,44%
3524,4,perfect,89,177,L,80%,XL,51%
3526,3,tighter,92,186,L,91%,XL,48%
3527,3,looser,83,175,L,76%,XL,65%
3528,4,looser,88,182,XL,89%,L,41%
3529,8,tighter,76,171,M,88%,S,42%
3530,2,tighter,90,178,L,89%,M,51%
3531,2,looser,91,186,XL,96%,L,42%
3532,0,perfect,103,192,XXL,71%,XL,64%
3533,3,perfect,96,181,XL,94%,L,45%
3534,2,looser,86,173,XL,76%,L,65%
3535,3,looser,81,170,L,92%,XL,48%
3536,0,looser,83,177,L,68%,XL,66%
3537,8,looser,77,166,L,79%,M,51%
3538,7,tighter,91,181,L,94%,M,44%
3539,9,looser,91,182,XL,94%,XXL,45%
3540,2,tighter,72,166,S,72%,M,69%
3541,0,looser,84,177,XL,73%,L,62%
3542,5,looser,98,188,XL,76%,L,27%
3543,4,perfect,78,167,M,85%,L,45%
3544,0,looser,94,185,XL,76%,XXL,58%
3545,1,perfect,92,178,XL,72%,L,66%
3546,1,looser,80,168,L,95%,M,42%
3547,8,looser,74,167,M,66%,L,64%
3548,9,tighter,67,155,S,93%,M,45%
3549,0,perfect,96,187,XL,96%,XXL,39%
3550,5,perfect,96,182,XL,88%,L,45%
3552,1,tighter,93,181,L,94%,XL,43%
3553,8,perfect,93,175,XL,69%,L,61%
3554,2,perfect,72,167,M,96%,S,43%
3555,2,perfect,90,182,XL,73%,L,68%
3556,1,looser,75,169,L,78%,M,60%
3557,2,perfect,82,170,L,79%,M,61%
3558,2,looser,92,182,XL,95%,L,42%
3559,8,perfect,78,164,M,88%,L,43%
3560,7,perfect,79,177,L,77%,M,61%
3561,0,looser,71,160,M,94%,L,41%
3562,9,looser,77,173,L,92%,M,47%
3563,6,looser,87,175,XL,81%,L,59%
3564,3,looser,95,182,XL,79%,XXL,62%
3566,6,perfect,92,180,XL,76%,L,64%
3567,5,perfect,86,168,L,90%,M,43%
3568,8,looser,93,180,XL,87%,XXL,43%
3569,6,tighter,76,168,M,88%,S,52%
3570,3,perfect,78,169,M,84%,L,56%
3571,0,perfect,73,164,M,94%,S,40%
3572,5,perfect,89,174,L,87%,XL,47%
3573,7,looser,80,175,L,89%,XL,48%
3574,5,perfect,87,183,L,79%,XL,55%
3575,4,tighter,94,183,L,88%,XL,43%
3576,0,looser,83,173,L,78%,XL,57%
3577,5,tighter,93,178,L,94%,M,39%
3578,9,tighter,96,184,L,81%,XL,59%
3579,3,tighter,89,179,L,86%,M,54%
3580,5,perfect,88,177,L,86%,XL,48%
3583,8,tighter,73,168,M,71%,S,59%
3585,5,tighter,85,182,L,73%,M,60%
3586,0,looser,96,194,XXL,82%,XL,52%
3587,1,looser,71,161,M,93%,L,41%
3591,2,tighter,84,175,M,84%,L,57%
3592,0,looser,73,171,L,69%,M,66%
3593,7,looser,83,175,L,75%,XL,63%
3594,3,perfect,88,181,L,80%,XL,61%
3595,7,tighter,78,170,M,94%,S,43%
3596,3,looser,79,170,L,94%,M,45%
3597,0,perfect,101,188,XL,82%,XXL,52%
3598,5,perfect,95,175,XL,77%,L,56%
3599,1,perfect,87,177,L,90%,XL,48%
3600,3,perfect,77,164,M,93%,L,46%
3601,1,looser,69,161,M,96%,L,38%
3603,6,tighter,89,175,L,79%,M,61%
3604,0,perfect,69,165,M,84%,S,50%
3605,2,looser,83,177,L,71%,XL,69%
3606,8,looser,77,166,L,79%,M,51%
3607,4,looser,72,165,M,84%,L,47%
3608,2,perfect,83,168,L,80%,M,61%
3609,7,perfect,101,184,XL,89%,XXL,48%
3610,6,looser,69,161,M,94%,S,43%
3611,3,tighter,83,173,M,90%,L,50%
3612,6,looser,86,175,XL,78%,L,62%
3613,1,perfect,77,175,M,75%,L,59%
3614,0,looser,79,165,L,89%,M,46%
3615,8,looser,87,181,XL,90%,L,40%
3616,6,tighter,102,184,XL,80%,L,59%
3617,1,tighter,78,176,M,96%,L,39%
3618,7,looser,91,173,XL,89%,L,48%
3620,5,looser,95,182,XL,95%,L,35%
3621,4,perfect,79,176,L,73%,M,58%
3622,8,looser,95,176,XL,85%,XXL,45%
3623,6,tighter,88,180,L,85%,M,55%
3624,3,perfect,86,174,L,95%,XL,44%
3625,7,perfect,75,175,M,86%,L,52%
3626,7,perfect,94,185,XL,87%,L,51%
3627,0,tighter,96,178,L,90%,XL,45%
3629,8,tighter,95,177,L,91%,XL,40%
3630,3,tighter,84,172,M,89%,L,52%
3631,5,looser,84,170,L,78%,XL,55%
3633,7,looser,87,173,XL,82%,L,55%
3635,7,looser,80,181,L,79%,XL,59%
3636,8,looser,75,176,L,86%,M,44%
3637,8,perfect,81,172,L,73%,M,57%
3638,6,perfect,89,177,L,83%,XL,57%
3639,0,perfect,85,169,L,88%,M,47%
3640,0,looser,94,183,XL,81%,XXL,54%
3642,3,perfect,81,176,L,85%,M,56%
3643,3,perfect,77,177,M,73%,L,67%
3644,6,perfect,87,178,L,89%,XL,50%
3645,5,perfect,102,189,XL,95%,L,35%
3646,4,tighter,73,169,M,75%,S,55%
3647,6,perfect,85,178,L,94%,XL,45%
3648,1,looser,75,165,L,69%,M,67%
3649,0,looser,83,168,L,87%,XL,48%
3651,6,perfect,95,183,XL,88%,L,52%
3652,5,tighter,81,177,M,90%,L,44%
3653,3,perfect,86,183,L,85%,XL,56%
3654,0,tighter,93,184,L,90%,XL,44%
3655,4,looser,89,184,XL,92%,L,39%
3656,3,perfect,74,168,M,95%,L,43%
3658,8,tighter,105,189,XL,94%,L,37%
3659,6,looser,84,178,XL,75%,L,65%
3660,8,tighter,88,179,L,78%,M,52%
3661,5,looser,100,186,XL,64%,L,23%
3662,8,tighter,76,172,M,89%,S,41%
3663,8,tighter,75,168,M,80%,S,50%
3664,9,perfect,85,171,L,90%,M,43%
3665,9,looser,59,158,S,80%,M,53%
3666,4,looser,85,175,XL,70%,L,60%
3667,1,tighter,77,172,M,94%,S,43%
3668,0,tighter,79,173,M,96%,L,39%
3669,5,perfect,95,183,XL,86%,L,47%
3672,8,looser,82,170,L,85%,XL,45%
3674,3,tighter,78,172,M,95%,S,43%
3676,9,perfect,94,176,XL,81%,L,59%
3677,7,looser,89,178,XL,89%,L,48%
3679,9,perfect,79,168,M,82%,L,59%
3680,6,perfect,74,168,M,96%,L,43%
3682,8,perfect,82,174,L,81%,M,49%
3684,4,looser,82,174,L,80%,XL,51%
3686,9,looser,71,162,M,93%,L,46%
3687,3,perfect,88,177,L,87%,XL,54%
3688,8,tighter,92,184,L,90%,XL,41%
3689,1,looser,89,181,XL,91%,L,43%
3690,6,perfect,80,168,M,77%,L,63%
3691,9,tighter,82,173,M,91%,L,42%
3692,5,perfect,90,176,L,78%,XL,55%
3693,0,looser,78,172,L,93%,M,41%
3694,7,looser,98,183,XL,88%,L,34%
3695,5,perfect,91,181,XL,71%,L,62%
3697,6,perfect,79,178,L,80%,M,60%
3698,5,tighter,97,183,L,77%,XL,56%
3699,6,perfect,80,175,L,70%,M,68%
3701,5,looser,71,166,M,87%,L,46%
3702,1,looser,93,176,FALSE,0%,FALSE,0%
3703,7,perfect,91,172,L,83%,XL,55%
3704,3,looser,82,172,L,86%,XL,55%
3705,0,looser,74,171,L,75%,M,59%
3709,5,perfect,84,170,L,86%,M,47%
3712,3,tighter,81,173,M,94%,L,45%
3713,0,tighter,94,180,L,92%,XL,42%
3714,0,tighter,75,163,M,72%,S,62%
3715,9,looser,78,166,L,87%,M,52%
3717,0,perfect,82,178,L,90%,M,44%
3718,8,tighter,101,186,XL,81%,L,49%
3719,8,looser,98,187,XXL,77%,XL,53%
3720,6,perfect,96,182,XL,89%,L,50%
3721,6,looser,93,187,L,41%,M,15%
3722,5,looser,95,189,XL,90%,L,33%
3724,5,perfect,87,181,L,83%,XL,50%
3726,1,looser,79,170,FALSE,0%,FALSE,0%
3727,8,looser,96,179,XL,75%,XXL,55%
3728,6,looser,68,170,M,95%,L,43%
3729,8,tighter,75,172,M,86%,S,44%
3730,1,perfect,78,176,L,69%,M,67%
3731,0,perfect,77,170,M,85%,L,49%
3733,9,tighter,84,171,M,89%,L,45%
3734,5,tighter,80,171,M,96%,L,37%
3735,3,perfect,81,173,L,80%,M,61%
3736,5,looser,86,175,XL,75%,L,58%
3738,0,tighter,81,177,M,90%,L,45%
3739,7,looser,95,182,XL,78%,XXL,59%
3740,9,tighter,72,165,S,73%,M,67%
3742,0,looser,83,169,L,85%,XL,49%
3743,3,tighter,73,164,S,72%,M,69%
3745,6,looser,90,177,XL,91%,L,48%
3746,2,tighter,82,169,M,95%,L,43%
3747,9,perfect,82,175,L,86%,M,47%
3748,4,perfect,91,175,L,73%,XL,57%
3749,9,tighter,75,168,M,83%,S,50%
3751,6,tighter,89,179,L,86%,M,53%
3752,9,looser,69,162,M,96%,L,42%
3753,5,looser,82,179,L,69%,XL,64%
3754,4,tighter,101,184,XL,75%,L,56%
3755,0,tighter,90,184,L,93%,M,41%
3756,0,tighter,65,160,S,92%,M,42%
3757,0,tighter,77,170,M,92%,S,43%
3758,0,looser,110,199,XXL,75%,XL,27%
3762,9,perfect,85,172,L,91%,M,42%
3763,2,perfect,93,181,XL,81%,L,60%
3764,9,perfect,90,178,L,73%,XL,60%
3765,6,tighter,99,187,L,96%,M,40%
3767,4,perfect,81,169,L,67%,M,63%
3769,9,tighter,89,182,L,90%,M,49%
3771,9,looser,81,172,L,90%,XL,50%
3772,2,perfect,86,179,L,90%,XL,49%
3774,6,tighter,79,172,M,97%,S,41%
3775,0,perfect,102,190,XL,73%,XXL,62%
3777,9,looser,75,171,L,83%,M,57%
3778,1,tighter,97,186,L,72%,XL,66%
3779,1,tighter,78,163,M,87%,S,51%
3780,9,looser,95,185,XL,73%,XXL,68%
3784,1,looser,86,178,XL,81%,L,57%
3787,7,looser,78,166,L,87%,M,50%
3789,8,perfect,89,178,L,76%,XL,54%
3790,9,looser,86,175,XL,82%,L,58%
3791,6,tighter,68,163,S,88%,M,50%
3792,9,tighter,88,180,L,84%,M,56%
3793,0,tighter,76,161,M,73%,S,62%
3794,0,perfect,96,176,XL,88%,L,47%
3795,4,looser,79,175,FALSE,0%,FALSE,0%
3797,8,perfect,79,175,L,68%,M,61%
3799,6,tighter,91,186,L,94%,XL,45%
3800,7,perfect,90,177,L,77%,XL,61%
3801,2,perfect,94,188,XL,90%,L,49%
3802,6,tighter,98,183,L,94%,M,42%
3803,5,tighter,83,175,M,86%,L,47%
3806,4,tighter,69,159,S,86%,M,44%
3807,7,looser,62,160,M,71%,S,67%
3808,9,tighter,89,172,L,73%,M,68%
3810,7,tighter,82,168,M,96%,L,41%
3811,5,tighter,82,169,M,95%,L,39%
3812,0,tighter,79,167,M,93%,S,42%
3813,5,perfect,71,171,M,96%,S,38%
3814,4,tighter,70,162,S,80%,M,50%
3815,2,looser,74,175,L,86%,M,55%
3816,0,perfect,79,172,M,71%,L,64%
3817,5,tighter,106,194,XL,94%,L,39%
3818,5,tighter,88,180,L,83%,M,50%
3819,2,perfect,88,178,L,85%,XL,56%
3820,3,perfect,90,177,L,78%,XL,63%
3821,8,looser,96,187,XXL,70%,XL,60%
3822,0,looser,93,182,XL,87%,XXL,48%
3823,9,looser,84,167,L,84%,XL,49%
3824,2,perfect,80,169,M,74%,L,66%
3825,5,looser,94,181,XL,95%,L,37%
3827,7,looser,91,182,XL,94%,L,42%
3828,5,perfect,93,186,XL,85%,L,48%
3829,1,looser,90,174,FALSE,0%,FALSE,0%
3830,3,tighter,95,184,L,85%,XL,55%
3832,3,looser,78,184,L,84%,XL,57%
3834,8,perfect,64,157,S,88%,M,42%
3835,7,perfect,77,169,M,87%,L,50%
3836,1,tighter,86,168,M,88%,L,50%
3837,4,looser,80,178,L,82%,XL,48%
3838,6,perfect,84,177,L,95%,M,44%
3839,8,looser,92,179,XL,91%,XXL,40%
3840,3,perfect,90,178,L,76%,XL,65%
3841,4,looser,91,181,XL,93%,L,38%
3842,6,looser,72,164,M,88%,L,52%
3844,7,perfect,78,171,M,80%,L,58%
3845,2,tighter,100,185,XL,77%,L,64%
3846,6,perfect,81,174,L,72%,M,67%
3847,3,looser,71,165,M,90%,L,50%
3848,6,looser,67,162,M,91%,S,47%
3849,1,perfect,91,183,XL,76%,L,62%
3851,0,looser,85,178,XL,81%,L,54%
3853,8,tighter,86,175,M,70%,L,59%
3854,6,tighter,89,177,L,73%,M,66%
3855,9,tighter,91,180,L,93%,M,46%
3857,9,perfect,82,178,L,91%,M,48%
3858,8,perfect,91,176,L,70%,XL,60%
3860,0,perfect,100,190,XL,83%,XXL,52%
3861,8,tighter,84,177,M,76%,L,54%
3863,3,tighter,93,182,L,93%,XL,46%
3865,6,tighter,92,180,L,84%,M,54%
3866,1,tighter,86,175,M,75%,L,63%
3867,4,looser,88,171,XL,77%,L,54%
3870,7,perfect,74,168,M,96%,L,42%
3871,0,looser,82,176,L,77%,XL,58%
3873,9,perfect,70,162,M,83%,S,50%
3875,0,perfect,77,175,M,75%,L,59%
3876,7,tighter,75,168,M,84%,S,54%
3877,6,tighter,94,176,L,95%,M,44%
3878,3,perfect,83,172,L,86%,M,54%
3880,1,perfect,91,182,XL,75%,L,63%
3881,6,perfect,76,164,M,95%,L,43%
3882,5,tighter,91,181,L,93%,M,40%
3883,9,looser,79,171,L,94%,M,39%
3884,8,tighter,73,165,S,66%,M,64%
3885,4,tighter,80,167,M,95%,S,37%
3886,6,tighter,67,162,S,91%,M,47%
3887,5,perfect,78,175,M,69%,L,64%
3889,1,tighter,85,178,M,73%,L,65%
3890,4,looser,66,162,M,92%,S,39%
3891,6,looser,86,170,L,95%,M,41%
3892,3,tighter,87,176,L,72%,M,69%
3893,5,tighter,89,176,L,79%,M,54%
3894,6,tighter,80,171,M,96%,L,42%
3895,3,looser,76,164,L,74%,M,67%
3896,5,perfect,64,162,S,78%,M,55%
3899,3,tighter,77,170,M,93%,S,47%
3900,9,perfect,63,159,S,84%,M,49%
3901,2,looser,90,179,XL,92%,L,47%
3902,8,tighter,78,169,M,91%,S,40%
3903,7,tighter,103,193,XL,91%,L,47%
3907,1,looser,94,181,XL,95%,L,37%
3908,5,looser,86,173,XL,72%,L,61%
3909,4,perfect,78,177,L,69%,M,61%
3912,0,looser,72,169,M,77%,L,58%
3913,2,looser,76,168,L,83%,M,58%
3916,7,looser,80,171,L,93%,XL,44%
3917,8,tighter,84,174,M,81%,L,49%
3918,0,looser,85,166,L,81%,XL,53%
3919,9,looser,109,194,XXL,90%,XL,33%
3920,9,perfect,96,178,XL,91%,L,48%
3922,6,tighter,89,176,L,81%,M,59%
3923,9,perfect,69,162,M,78%,S,55%
3925,6,perfect,86,175,L,94%,XL,44%
3926,7,perfect,83,175,L,90%,M,47%
3928,0,perfect,85,172,L,91%,M,43%
3929,9,perfect,82,175,L,87%,M,53%
3930,3,tighter,65,167,S,89%,M,52%
3931,2,perfect,82,171,L,81%,M,59%
3932,8,tighter,92,173,L,83%,M,47%
3933,6,tighter,79,172,M,97%,S,41%
3936,7,looser,83,174,L,77%,XL,61%
3939,2,perfect,81,179,L,90%,M,50%
3940,0,perfect,89,176,L,83%,XL,52%
3941,5,perfect,75,164,M,96%,L,38%
3943,2,tighter,89,179,L,87%,M,53%
3944,7,looser,85,173,XL,71%,L,67%
3945,1,tighter,82,170,M,95%,L,42%
3946,9,looser,74,169,L,73%,M,67%
3947,8,looser,84,178,XL,72%,L,58%
3948,1,looser,100,188,XL,59%,L,22%
3949,0,perfect,77,175,M,75%,L,59%
3950,9,perfect,85,175,L,94%,M,44%
3951,8,looser,96,188,XXL,71%,XL,58%
3952,4,tighter,87,176,L,68%,M,62%
3953,3,looser,78,175,L,94%,XL,45%
3954,5,perfect,91,179,XL,68%,L,65%
3955,0,tighter,91,188,L,91%,XL,44%
3956,1,looser,89,180,XL,91%,L,47%
3957,7,tighter,91,183,L,95%,M,42%
3958,8,perfect,66,161,S,73%,M,57%
3959,8,looser,81,173,L,85%,XL,45%
3960,9,looser,85,174,XL,74%,L,66%
3961,5,tighter,84,174,M,84%,L,49%
3962,1,perfect,77,169,M,88%,L,50%
3963,6,looser,63,158,S,72%,M,66%
3964,3,tighter,99,185,XL,75%,L,66%
3965,7,perfect,77,175,M,77%,L,61%
3966,0,looser,88,175,XL,89%,L,46%
3967,9,perfect,73,168,M,96%,L,42%
3968,9,looser,90,180,XL,96%,XXL,42%
3970,0,looser,90,185,XL,93%,XXL,42%
3971,7,perfect,88,178,L,85%,XL,53%
3972,8,tighter,84,171,M,86%,L,44%
3973,5,perfect,70,165,M,88%,S,45%
3974,5,tighter,81,177,M,90%,L,44%
3975,7,looser,85,183,XL,84%,L,54%
3976,7,tighter,94,185,L,87%,XL,51%
3977,3,perfect,88,178,L,85%,XL,55%
3978,2,tighter,97,187,XL,70%,L,68%
3979,5,looser,76,167,L,78%,M,55%
3980,4,tighter,82,171,M,93%,L,38%
3981,4,tighter,81,168,M,96%,L,36%
3982,2,perfect,78,175,M,72%,L,69%
3984,7,looser,86,176,XL,79%,L,60%
3985,2,looser,89,179,XL,91%,L,49%
3986,4,tighter,77,173,M,95%,S,37%
3987,3,looser,85,180,XL,86%,L,55%
3988,6,looser,88,181,L,91%,M,36%
3989,8,perfect,82,172,L,78%,M,52%
3990,5,tighter,86,179,L,71%,M,62%
3991,8,looser,81,175,L,81%,XL,49%
3992,6,tighter,74,166,M,76%,S,63%
3993,5,perfect,87,177,L,89%,XL,44%
3994,9,tighter,77,169,FALSE,0%,FALSE,0%
3995,7,perfect,87,173,L,94%,XL,43%
3996,3,perfect,91,186,XL,86%,L,55%
3997,1,tighter,57,156,S,90%,M,35%
3998,1,looser,79,175,L,92%,XL,45%
3999,8,perfect,80,177,L,78%,M,52%
4000,3,perfect,91,183,XL,80%,L,60%
